Date,Open,High,Low,Close,Volume
2013-01-01,66.2,69.0,66.0,66.6,1550
2013-01-02,67.5,67.5,65.3,66.4,100
2013-01-03,66.5,66.5,64.2,64.9,650
2013-01-06,64.0,67.0,64.0,66.3,1200
2013-01-07,65.5,65.5,65.5,65.5,600
2013-01-08,64.6,66.7,64.5,64.9,500
2013-01-09,66.0,66.0,65.0,65.7,350
2013-01-10,70.0,70.0,65.8,66.2,1050
2013-01-13,67.7,67.7,66.0,66.7,3150
2013-01-14,66.2,66.8,65.4,66.1,1200
2013-01-15,67.0,67.0,66.2,66.5,500
2013-01-16,68.8,68.8,66.0,66.7,1200
2013-01-17,67.4,67.4,66.0,66.5,800
2013-01-20,65.7,67.0,65.6,66.4,950
2013-01-21,66.2,66.2,65.9,66.0,1350
2013-01-22,65.5,66.9,65.5,66.2,350
2013-01-23,66.0,67.5,65.7,65.9,950
2013-01-24,67.8,68.0,67.0,67.4,800
2013-01-27,68.1,68.1,66.2,67.6,1700
2013-01-28,64.0,65.9,63.0,64.3,8250
2013-01-29,65.3,66.8,64.5,66.3,3250
2013-01-30,65.5,65.5,64.8,65.0,850
2013-01-31,64.0,65.4,63.9,64.0,2650
2013-02-03,65.0,65.4,64.3,65.1,1350
2013-02-04,65.1,65.1,63.5,63.6,3000
2013-02-05,63.6,63.6,63.6,63.6,100
2013-02-06,65.7,65.7,64.0,64.0,5100
2013-02-07,64.4,64.4,63.6,64.2,2000
2013-02-10,63.8,64.4,63.8,64.0,3100
2013-02-11,64.5,66.3,64.5,65.6,4000
2013-02-12,65.0,65.4,65.0,65.1,1800
2013-02-13,65.0,65.0,65.0,65.0,450
2013-02-14,65.5,65.5,64.8,65.1,700
2013-02-17,65.0,65.4,65.0,65.1,2650
2013-02-18,65.0,65.5,64.8,65.0,2300
2013-02-19,64.0,64.0,63.1,63.5,800
2013-02-20,63.4,63.4,63.0,63.1,1350
2013-02-24,62.3,62.9,61.0,61.6,1300
2013-02-25,61.9,61.9,61.9,61.9,100
2013-02-26,63.2,63.2,62.5,62.9,200
2013-02-27,64.7,64.7,59.9,60.3,1100
2013-02-28,62.0,62.0,60.5,61.1,1250
2013-03-03,62.2,62.2,62.2,62.2,100
2013-03-05,61.0,61.0,58.5,58.8,5450
2013-03-06,60.9,60.9,60.9,60.9,50
2013-03-07,55.1,55.8,55.1,55.3,2050
2013-03-11,55.0,58.4,55.0,56.1,150
2013-03-12,57.7,57.7,54.6,56.1,100
2013-03-13,57.7,57.7,56.5,56.8,650
2013-03-14,57.6,58.4,56.8,57.0,1250
2013-03-18,58.0,58.0,55.8,56.9,200
2013-03-19,58.9,58.9,58.0,58.1,350
2013-03-20,56.0,57.9,53.0,54.5,250
2013-03-24,54.1,55.0,53.2,53.9,350
2013-03-25,53.0,53.0,53.0,53.0,50
2013-03-27,51.0,53.7,50.8,51.1,1000
2013-03-28,53.9,53.9,51.7,52.1,250
2013-03-31,50.1,50.1,50.0,50.0,150
2013-04-01,49.7,50.0,49.7,49.8,200
2013-04-02,50.0,50.0,49.0,49.2,350
2013-04-03,52.0,52.0,50.0,50.6,150
2013-04-04,46.4,46.7,46.3,46.4,900
2013-04-08,45.0,45.0,45.0,45.0,200
2013-04-09,48.9,49.4,48.9,49.4,1950
2013-04-10,51.0,53.5,51.0,51.7,1500
2013-04-11,52.9,55.9,52.9,55.6,2400
2013-04-15,58.8,61.0,58.8,60.4,2200
2013-04-16,60.0,60.0,57.0,58.6,300
2013-04-17,56.1,61.0,56.0,58.2,1750
2013-04-18,61.8,64.0,61.8,64.0,5800
2013-04-21,68.7,70.4,68.4,69.5,10500
2013-04-22,66.5,71.5,66.0,70.6,4600
2013-04-23,71.9,73.0,70.1,71.9,1800
2013-04-24,68.5,68.5,65.0,65.7,2250
2013-04-25,61.2,68.0,61.2,64.6,500
2013-04-28,68.9,68.9,62.4,63.3,900
2013-04-29,67.5,67.5,63.8,64.4,700
2013-04-30,65.0,67.4,59.0,59.9,6500
2013-05-02,59.9,65.8,59.9,64.2,2600
2013-05-05,63.7,64.3,63.7,64.1,600
2013-05-06,59.6,64.0,59.6,63.2,4600
2013-05-07,66.5,69.5,66.5,69.5,15000
2013-05-08,76.0,76.4,73.0,76.1,24000
2013-05-09,72.0,78.5,71.4,76.7,7950
2013-05-12,74.0,74.4,71.0,72.4,10750
2013-05-13,72.4,72.4,68.7,70.3,3050
2013-05-14,70.1,72.0,68.1,70.6,7700
2013-05-15,70.5,72.0,68.8,69.0,7100
2013-05-16,69.0,71.5,68.5,69.6,3650
2013-05-19,69.0,69.8,67.1,67.8,7950
2013-05-20,68.0,68.6,66.6,67.1,3550
2013-05-21,66.0,71.2,66.0,68.7,1750
2013-05-22,67.9,67.9,65.0,65.4,2400
2013-05-26,63.5,64.4,62.2,63.0,1250
2013-05-27,65.0,67.2,65.0,67.0,2000
2013-05-28,67.8,71.0,66.4,69.6,8000
2013-05-29,69.0,72.0,69.0,70.7,2500
2013-05-30,70.1,70.9,69.4,70.0,2550
2013-06-02,71.0,72.7,66.1,68.8,7250
2013-06-03,69.1,71.4,67.2,71.1,6350
2013-06-04,71.7,78.2,71.7,78.0,23900
2013-06-05,81.0,85.8,78.6,85.8,23350
2013-06-06,88.5,93.0,88.0,91.4,14350
2013-06-09,84.5,89.9,82.3,82.4,14800
2013-06-10,82.0,90.6,80.1,90.5,19150
2013-06-11,98.9,98.9,92.0,94.0,12950
2013-06-12,96.8,96.8,87.9,89.1,11850
2013-06-13,86.1,91.1,86.1,86.7,8750
2013-06-16,87.0,90.9,86.1,88.7,4550
2013-06-17,87.1,93.0,87.1,87.6,9900
2013-06-18,87.0,88.5,86.1,86.8,4600
2013-06-19,90.0,90.0,85.1,86.7,11150
2013-06-20,86.5,87.9,85.0,86.4,1600
2013-06-23,85.1,85.1,78.7,80.1,5700
2013-06-24,80.0,80.1,76.0,78.7,700
2013-06-26,79.2,80.0,78.1,78.7,600
2013-06-27,78.0,78.0,75.3,76.2,2050
2013-06-30,77.0,77.6,77.0,77.3,250
2013-07-02,80.0,80.9,80.0,80.2,1700
2013-07-03,80.0,84.3,80.0,81.9,2550
2013-07-04,80.6,82.0,80.0,80.6,2200
2013-07-07,84.4,85.6,80.5,84.4,3850
2013-07-08,85.5,92.8,85.5,92.6,17750
2013-07-09,92.0,97.0,88.2,93.6,5900
2013-07-10,86.0,90.0,85.5,88.8,1600
2013-07-11,92.0,92.0,83.0,85.4,1200
2013-07-14,81.0,81.0,80.1,80.7,350
2013-07-15,85.9,85.9,78.0,81.9,2450
2013-07-16,81.9,83.7,80.1,82.1,3100
2013-07-17,80.1,82.0,79.1,80.1,4950
2013-07-18,78.2,82.0,78.2,81.2,1700
2013-07-21,79.0,79.0,73.5,75.7,1750
2013-07-22,80.5,80.5,76.0,78.2,750
2013-07-23,79.1,79.1,75.0,76.5,1500
2013-07-24,76.5,80.1,76.5,79.1,6250
2013-07-25,77.0,77.0,75.6,76.3,700
2013-07-28,75.0,76.5,75.0,76.0,350
2013-07-29,77.0,77.0,77.0,77.0,100
2013-07-30,76.0,76.0,75.4,75.6,350
2013-07-31,73.0,73.0,72.5,72.7,1850
2013-08-01,74.8,74.8,74.8,74.8,50
2013-08-04,70.6,70.6,70.1,70.4,900
2013-08-05,70.2,72.7,70.0,70.8,2400
2013-08-12,69.1,72.9,69.0,69.8,250
2013-08-13,72.9,74.4,72.0,72.9,950
2013-08-14,73.2,77.9,73.2,75.6,2800
2013-08-18,79.6,79.6,75.5,77.4,1800
2013-08-19,78.0,84.0,78.0,83.2,6250
2013-08-20,84.0,85.0,78.5,83.0,2650
2013-08-21,85.0,85.0,79.0,80.4,3000
2013-08-22,82.4,88.0,82.0,87.1,15300
2013-08-25,91.9,91.9,85.0,85.0,9150
2013-08-26,85.0,85.0,82.0,84.3,4900
2013-08-27,85.8,85.8,77.9,79.2,8750
2013-08-29,84.9,84.9,79.1,82.6,2050
2013-09-01,84.8,84.9,81.7,81.8,4300
2013-09-02,84.0,84.2,80.0,81.0,3100
2013-09-03,80.6,82.0,80.6,81.3,2800
2013-09-04,84.7,84.7,82.0,82.5,2700
2013-09-05,84.9,85.5,83.8,84.7,8650
2013-09-08,82.9,93.1,82.9,92.8,26850
2013-09-09,97.0,102.0,97.0,102.0,15850
2013-09-10,110.0,112.2,110.0,112.2,29200
2013-09-11,117.9,123.4,114.0,123.4,55250
2013-09-12,134.5,135.7,130.0,135.7,39750
2013-09-15,140.0,149.2,140.0,149.0,53200
2013-09-16,162.0,163.8,145.0,162.2,74000
2013-09-17,163.0,167.0,147.0,153.4,42500
2013-09-18,161.9,161.9,138.2,139.3,25850
2013-09-19,135.0,149.9,130.1,142.1,25650
2013-09-22,149.5,149.5,131.0,135.3,10200
2013-09-23,140.0,140.0,126.2,131.3,23600
2013-09-24,138.0,143.0,126.6,129.2,30350
2013-09-25,125.5,132.0,117.0,122.0,18300
2013-09-26,120.0,125.0,118.0,124.3,7900
2013-09-29,126.3,126.3,112.0,112.4,17400
2013-09-30,103.2,115.0,102.0,102.8,17050
2013-10-01,103.6,111.0,102.7,106.7,16250
2013-10-02,110.0,117.3,110.0,117.2,14150
2013-10-03,125.0,128.9,120.0,123.2,36800
2013-10-06,120.0,120.0,112.4,113.1,6500
2013-10-07,111.0,124.0,109.0,119.9,8900
2013-10-08,121.0,121.0,108.0,108.9,14900
2013-10-09,107.0,114.0,100.1,111.3,5200
2013-10-10,110.0,112.0,108.0,110.3,5450
2013-10-20,103.0,104.0,102.3,102.5,3950
2013-10-21,93.2,110.0,93.0,102.3,11650
2013-10-22,109.7,112.3,105.0,111.9,7900
2013-10-23,115.0,118.0,109.1,111.7,6050
2013-10-24,103.0,103.5,101.0,101.6,15100
2013-10-27,102.1,105.8,101.9,102.7,2650
2013-10-28,109.5,110.0,97.4,97.7,10900
2013-10-29,77.0,78.7,62.2,68.2,36850
2013-10-30,64.5,75.0,64.3,74.1,6600
2013-10-31,77.9,77.9,71.0,71.3,8750
2013-11-03,70.0,71.4,66.6,67.3,19850
2013-11-04,70.0,70.1,67.5,68.8,6900
2013-11-05,67.6,68.2,66.5,67.1,9050
2013-11-06,66.2,67.0,64.1,65.1,8550
2013-11-07,70.7,70.7,61.7,64.0,17950
2013-11-11,64.0,66.0,64.0,64.2,11000
2013-11-12,65.0,65.0,62.0,62.7,11150
2013-11-13,65.8,65.8,63.0,64.7,8100
2013-11-14,66.9,67.4,63.5,64.4,8250
2013-11-17,66.9,66.9,64.1,64.8,4650
2013-11-18,67.5,71.2,66.7,71.1,21400
2013-11-19,76.0,78.2,76.0,78.2,8200
2013-11-20,86.0,86.0,86.0,86.0,13050
2013-11-21,94.6,94.6,85.0,93.7,42450
2013-11-24,99.5,99.5,87.3,87.9,15300
2013-11-25,83.8,89.7,80.6,81.6,14750
2013-11-26,81.6,82.0,78.0,78.6,20900
2013-11-27,73.3,78.7,73.2,75.3,9200
2013-11-28,77.9,82.1,77.0,79.8,6900
2013-12-01,77.1,82.5,77.1,81.7,4150
2013-12-02,84.0,84.0,80.5,81.1,7400
2013-12-03,83.0,83.5,79.9,81.7,7450
2013-12-04,82.0,84.7,81.1,84.3,10750
2013-12-05,84.8,86.0,84.0,85.7,15750
2013-12-08,90.8,91.3,86.4,88.3,11200
2013-12-09,87.0,87.0,83.7,84.4,7250
2013-12-10,85.0,86.9,83.0,83.3,10950
2013-12-11,81.1,85.0,81.1,83.9,3300
2013-12-12,84.0,85.0,82.1,82.1,7850
2013-12-15,79.9,80.0,73.9,76.8,14950
2013-12-17,74.0,77.5,74.0,76.8,7100
2013-12-18,74.2,79.7,74.2,77.0,500
2013-12-19,75.1,75.2,74.1,74.5,3000
2013-12-22,72.2,76.6,72.1,75.0,5000
2013-12-23,72.5,74.0,72.0,72.7,900
2013-12-24,70.2,73.9,70.2,71.4,2100
2013-12-26,77.0,77.0,72.0,74.3,1050
2013-12-29,72.2,72.2,72.1,72.1,250
2013-12-30,74.0,74.0,74.0,74.0,200
2014-01-01,75.8,76.8,72.5,72.6,4700
2014-01-02,71.7,71.7,71.7,71.7,200
2014-01-06,71.1,73.0,71.0,71.7,1100
2014-01-07,72.0,74.0,71.9,73.1,1000
2014-01-08,73.2,74.7,73.2,73.6,1750
2014-01-09,73.2,73.4,73.1,73.2,150
2014-01-12,71.0,73.2,71.0,73.0,1100
2014-01-13,71.3,73.2,71.3,72.3,900
2014-01-15,74.0,74.0,74.0,74.0,900
2014-01-16,73.9,74.0,72.0,72.9,2300
2014-01-19,73.6,73.7,73.6,73.6,200
2014-01-20,71.5,74.5,71.1,73.2,1850
2014-01-21,71.5,74.8,71.5,74.3,5550
2014-01-22,75.8,76.5,75.0,75.4,3700
2014-01-23,73.0,76.3,73.0,75.0,1300
2014-01-26,73.1,73.5,73.1,73.3,200
2014-01-27,73.5,74.0,73.4,73.5,950
2014-01-28,74.0,74.0,73.5,73.9,1050
2014-01-29,74.0,74.0,73.3,73.7,1850
2014-01-30,78.4,78.4,74.0,74.3,2650
2014-02-03,74.3,75.1,74.2,74.4,3450
2014-02-04,74.0,74.0,72.1,72.7,2550
2014-02-05,73.1,74.8,73.0,73.3,1350
2014-02-06,74.0,74.0,73.2,73.8,2400
2014-02-09,73.8,73.8,73.8,73.8,50
2014-02-10,74.9,74.9,71.6,72.4,3300
2014-02-12,70.8,70.8,70.7,70.7,300
2014-02-13,68.1,71.4,68.1,69.7,200
2014-02-16,65.0,71.5,65.0,66.0,300
2014-02-17,71.1,71.1,71.1,71.1,50
2014-02-18,68.5,70.0,68.5,68.9,500
2014-02-19,70.5,72.0,70.5,71.7,700
2014-02-20,72.7,73.8,72.0,72.8,500
2014-02-23,72.4,72.4,72.4,72.4,100
2014-02-24,72.7,73.1,72.7,72.9,400
2014-02-25,74.0,77.0,74.0,76.0,2250
2014-02-26,75.0,76.0,73.5,74.4,1750
2014-02-27,74.0,75.0,74.0,74.8,3300
2014-03-02,76.0,76.1,74.5,74.7,3400
2014-03-03,75.0,76.5,73.4,75.0,1750
2014-03-04,74.5,74.5,74.4,74.4,400
2014-03-05,74.0,75.5,72.5,73.7,1300
2014-03-09,73.5,75.0,73.0,73.3,1200
2014-03-10,74.0,74.0,70.0,72.6,1650
2014-03-12,72.8,73.0,72.0,72.4,1100
2014-03-13,72.8,75.0,72.8,74.1,850
2014-03-16,75.0,76.5,75.0,75.7,2400
2014-03-18,74.5,74.5,73.0,74.0,2400
2014-03-19,71.4,75.0,71.0,72.6,1000
2014-03-20,76.0,76.0,75.0,75.6,1600
2014-03-24,73.6,73.6,73.6,73.6,750
2014-03-25,71.1,75.4,70.0,72.7,1400
2014-03-27,73.0,73.0,73.0,73.0,400
2014-03-30,75.0,75.0,74.0,74.2,1750
2014-03-31,75.0,78.7,75.0,76.8,10300
2014-04-01,80.4,80.4,73.6,75.2,2300
2014-04-02,75.0,76.4,75.0,75.5,1000
2014-04-03,75.5,75.5,75.0,75.2,1650
2014-04-06,74.7,74.7,73.0,74.0,1450
2014-04-07,73.5,73.5,72.8,73.0,400
2014-04-08,73.9,73.9,71.6,72.4,600
2014-04-09,72.6,72.6,72.4,72.5,200
2014-04-10,73.8,73.8,70.1,70.8,750
2014-04-15,70.0,70.0,68.7,69.4,450
2014-04-16,69.5,69.5,65.7,66.5,950
2014-04-17,65.0,65.1,64.9,64.9,2300
2014-04-20,64.9,66.0,64.9,65.3,300
2014-04-21,69.8,69.8,69.8,69.8,50
2014-04-23,73.0,73.0,67.6,69.4,150
2014-04-24,70.5,70.5,70.5,70.5,50
2014-04-27,71.0,71.0,68.3,70.1,150
2014-04-29,69.9,69.9,63.4,65.1,2400
2014-05-04,61.0,61.0,60.0,60.2,700
2014-05-05,64.0,64.0,64.0,64.0,50
2014-05-06,68.0,68.0,61.7,66.6,350
2014-05-07,66.7,66.7,63.1,63.8,1600
2014-05-08,63.3,65.0,63.3,63.9,200
2014-05-11,64.0,64.0,64.0,64.0,100
2014-05-12,65.8,65.8,65.8,65.8,50
2014-05-15,60.6,61.3,60.5,60.8,850
2014-05-19,61.1,61.1,60.0,60.6,250
2014-05-20,62.0,63.9,60.0,61.8,1150
2014-05-21,62.2,62.5,62.2,62.4,250
2014-05-22,63.3,63.3,63.0,63.1,850
2014-05-25,61.0,61.0,61.0,61.0,50
2014-05-26,63.8,63.8,61.5,62.3,300
2014-05-28,63.2,63.2,62.2,62.7,250
2014-05-29,61.0,62.3,61.0,61.8,350
2014-06-01,61.9,61.9,61.9,61.9,50
2014-06-02,61.0,61.1,60.1,60.4,900
2014-06-03,61.0,61.0,61.0,61.0,200
2014-06-04,61.8,61.8,61.7,61.7,450
2014-06-05,59.0,61.0,59.0,59.8,250
2014-06-09,60.5,60.5,60.1,60.2,250
2014-06-10,59.0,59.0,58.1,58.4,550
2014-06-11,60.0,60.0,57.0,58.6,1050
2014-06-12,59.5,59.5,59.5,59.5,50
2014-06-15,55.2,55.2,55.0,55.0,1000
2014-06-17,53.0,53.0,53.0,53.0,100
2014-06-18,52.5,56.9,52.5,53.5,1650
2014-06-19,53.3,53.3,53.2,53.2,450
2014-06-22,54.6,54.6,54.6,54.6,400
2014-06-23,56.0,56.0,56.0,56.0,50
2014-06-24,56.9,61.6,56.9,58.1,1750
2014-06-25,60.0,63.9,60.0,63.5,1750
2014-06-26,62.5,66.5,62.5,64.9,1950
2014-07-03,65.3,65.3,65.3,65.3,50
2014-07-06,62.6,62.6,62.6,62.6,50
2014-07-07,57.7,59.0,56.7,57.5,550
2014-07-23,61.2,61.2,60.0,60.4,150
2014-07-24,64.8,64.8,59.1,63.1,1450
2014-08-03,64.0,64.0,60.0,61.8,600
2014-08-04,60.0,60.0,60.0,60.0,300
2014-08-07,65.3,65.3,61.6,62.8,950
2014-08-10,63.0,63.0,61.1,62.4,650
2014-08-11,62.6,62.6,61.1,61.9,1100
2014-08-12,62.0,62.0,61.1,61.2,3650
2014-08-13,60.1,60.1,60.0,60.0,300
2014-08-14,58.3,58.3,58.3,58.3,550
2014-08-18,58.6,64.0,58.2,60.4,1100
2014-08-19,63.8,63.8,63.8,63.8,100
2014-08-20,62.0,63.0,61.0,61.5,800
2014-08-21,61.9,61.9,61.9,61.9,100
2014-08-24,61.1,61.1,61.0,61.0,150
2014-08-25,58.6,58.6,58.0,58.3,600
2014-08-26,58.7,59.0,56.5,57.4,1050
2014-08-27,62.0,62.0,57.2,58.3,550
2014-08-28,57.7,57.7,57.1,57.3,500
2014-08-31,57.0,57.0,57.0,57.0,3450
2014-09-01,53.1,53.1,53.0,53.0,300
2014-09-02,54.5,56.0,50.0,52.3,8400
2014-09-03,53.1,56.9,52.8,54.8,1000
2014-09-07,57.0,58.0,57.0,57.1,300
2014-09-09,55.7,55.7,55.6,55.6,100
2014-09-10,58.0,58.0,58.0,58.0,100
2014-09-11,58.0,58.0,58.0,58.0,50
2014-09-14,55.7,58.0,55.5,55.9,400
2014-09-16,54.5,54.5,54.5,54.5,50
2014-09-17,58.0,58.0,54.0,55.8,500
2014-09-18,57.8,57.8,50.3,52.4,5350
2014-09-21,52.8,57.0,52.8,53.5,1300
2014-09-22,53.4,55.0,53.4,54.2,400
2014-09-23,51.5,55.9,51.5,53.2,300
2014-09-24,53.2,54.0,53.2,53.9,2200
2014-09-25,55.6,55.6,54.1,54.8,2550
2014-09-28,53.0,53.0,52.9,52.9,1300
2014-09-29,53.9,53.9,53.4,53.5,1000
2014-09-30,53.5,53.5,52.8,52.9,450
2014-10-01,56.0,56.0,53.3,53.9,300
2014-10-02,54.0,54.0,54.0,54.0,200
2014-10-12,55.1,55.1,54.5,54.6,500
2014-10-13,55.5,55.6,55.5,55.5,250
2014-10-14,55.5,55.6,55.5,55.5,1750
2014-10-15,55.9,55.9,55.0,55.5,4750
2014-10-16,55.0,55.5,54.0,54.1,1250
2014-10-21,54.5,54.5,54.5,54.5,850
2014-10-23,52.0,54.5,52.0,53.9,700
2014-10-26,52.0,55.0,52.0,53.6,800
2014-10-27,53.0,53.6,52.0,52.9,1650
2014-10-28,54.8,54.8,51.4,52.3,400
2014-10-29,50.0,53.9,49.3,51.1,550
2014-11-02,50.0,50.2,50.0,50.1,200
2014-11-03,51.3,51.3,50.2,50.5,1700
2014-11-05,49.5,49.5,49.5,49.5,50
2014-11-06,49.9,49.9,49.5,49.6,750
2014-11-09,50.0,50.2,48.0,49.1,3750
2014-11-10,46.0,46.0,46.0,46.0,100
2014-11-11,47.0,50.0,46.1,47.9,600
2014-11-12,50.9,50.9,50.9,50.9,100
2014-11-13,48.0,51.0,47.0,48.1,1300
2014-11-16,52.0,52.0,50.5,51.7,2850
2014-11-17,46.6,47.6,46.6,47.1,1150
2014-11-18,46.2,46.2,46.2,46.2,200
2014-11-20,47.1,47.1,45.1,47.1,400
2014-11-24,43.0,45.5,43.0,44.5,300
2014-11-25,48.0,48.0,43.2,43.9,1850
2014-11-26,44.0,44.0,44.0,44.0,100
2014-11-27,44.0,44.0,42.5,43.0,150
2014-11-30,45.6,45.6,43.0,43.1,700
2014-12-02,43.3,43.8,43.3,43.6,700
2014-12-03,43.5,43.8,43.5,43.6,1000
2014-12-04,43.9,43.9,43.9,43.9,600
2014-12-07,43.3,45.0,43.0,43.5,400
2014-12-08,44.5,44.5,44.5,44.5,300
2014-12-09,46.8,46.9,46.0,46.4,400
2014-12-10,47.9,47.9,46.8,47.6,650
2014-12-14,47.7,52.3,47.7,49.9,1550
2014-12-15,50.5,54.9,50.5,54.8,4516
2014-12-17,58.0,60.2,58.0,60.0,8480
2014-12-18,60.0,66.0,60.0,65.9,10450
2014-12-21,70.0,70.0,63.0,64.2,3830
2014-12-22,63.1,63.1,60.0,61.2,650
2014-12-23,62.5,62.5,55.1,58.3,1790
2014-12-24,55.3,55.3,53.1,54.4,2410
2014-12-28,53.1,54.5,52.0,53.0,686
2014-12-29,52.5,53.0,52.0,52.3,550
2014-12-30,53.0,53.0,53.0,53.0,150
2015-01-01,56.9,57.0,54.1,56.7,936
2015-01-05,56.7,56.7,52.4,54.9,1286
2015-01-06,53.0,53.0,51.1,52.1,1874
2015-01-07,49.1,53.0,49.1,51.6,650
2015-01-08,55.0,55.0,52.2,53.9,110
2015-01-11,52.5,53.5,52.1,52.7,970
2015-01-12,55.0,55.0,51.0,51.7,2712
2015-01-13,50.7,54.0,50.7,52.0,1450
2015-01-14,51.6,51.6,51.5,51.5,500
2015-01-15,51.7,51.7,51.0,51.4,633
2015-01-18,51.4,52.0,51.0,51.3,520
2015-01-20,51.0,52.0,50.0,50.7,950
2015-01-22,49.1,54.8,49.1,52.6,980
2015-01-25,51.2,53.9,50.5,51.2,1905
2015-01-26,55.0,55.0,52.0,52.0,455
2015-01-27,54.9,54.9,50.2,50.8,710
2015-01-28,54.3,54.3,51.3,52.7,1350
2015-01-29,54.0,54.0,53.0,53.2,6850
2015-02-01,48.2,53.8,48.2,49.8,106
2015-02-02,53.4,53.4,52.9,53.0,6
2015-02-03,53.7,53.7,53.0,53.2,20
2015-02-04,53.0,54.8,51.0,52.1,421
2015-02-05,53.8,53.8,50.5,50.8,1655
2015-02-08,51.3,51.3,51.3,51.3,300
2015-02-09,51.5,52.5,50.5,51.1,609
2015-02-10,50.1,50.1,49.4,49.7,650
2015-02-11,53.0,53.0,50.3,50.4,266
2015-02-12,50.2,52.5,50.1,50.1,401
2015-02-15,52.5,52.5,51.0,51.3,60
2015-02-16,50.0,51.5,49.6,50.4,1802
2015-02-17,51.9,51.9,51.9,51.9,1
2015-02-18,50.1,52.0,49.9,50.0,736
2015-02-19,50.8,51.4,50.8,50.8,850
2015-02-22,51.0,51.0,50.0,50.5,202
2015-02-23,50.7,51.1,50.0,50.6,346
2015-02-24,52.0,52.0,50.8,51.4,1180
2015-02-25,50.8,50.8,50.8,50.8,798
2015-02-26,50.9,50.9,50.8,50.9,700
2015-03-01,50.8,50.8,49.1,50.2,800
2015-03-02,49.5,49.6,49.5,49.6,150
2015-03-03,49.5,49.6,49.5,49.5,120
2015-03-04,49.5,49.5,49.0,49.1,700
2015-03-08,50.0,50.0,50.0,50.0,9
2015-03-10,49.5,49.5,49.0,49.2,170
2015-03-11,49.0,49.0,48.2,48.5,1306
2015-03-12,48.0,48.0,47.5,47.7,400
2015-03-15,48.4,48.4,48.4,48.4,200
2015-03-16,49.0,49.0,49.0,49.0,100
2015-03-18,48.0,48.0,48.0,48.0,50
2015-03-19,48.0,48.0,48.0,48.0,50
2015-03-22,49.0,49.0,49.0,49.0,1
2015-03-23,44.1,48.0,44.1,46.6,790
2015-03-24,47.1,48.0,47.1,47.4,327
2015-03-25,50.0,50.0,49.0,49.1,55
2015-03-29,50.0,50.0,50.0,50.0,5
2015-03-31,53.0,53.0,53.0,53.0,5
2015-04-01,48.1,48.1,47.7,47.9,495
2015-04-05,45.5,45.5,45.5,45.5,50
2015-04-09,44.5,45.0,44.0,44.3,471
2015-04-13,43.0,43.0,39.9,40.2,3000
2015-04-15,44.0,44.1,44.0,44.1,200
2015-04-19,40.1,42.0,40.1,41.1,574
2015-04-20,42.1,42.1,42.1,42.1,51
2015-04-21,42.1,44.0,42.1,44.0,214
2015-04-22,42.6,42.6,42.3,42.6,1050
2015-04-23,41.2,41.2,40.8,41.0,350
2015-04-26,39.5,39.5,39.5,39.5,200
2015-04-27,38.2,38.2,37.0,37.6,400
2015-04-29,34.0,37.4,34.0,35.6,300
2015-04-30,33.2,33.7,32.1,33.3,910
2015-05-06,30.3,36.0,30.3,33.8,270
2015-05-07,36.0,37.1,36.0,36.9,650
2015-05-10,40.5,40.5,40.5,40.5,345
2015-05-11,40.1,42.8,40.0,40.8,651
2015-05-13,39.4,39.4,39.2,39.3,300
2015-05-14,42.0,42.0,38.9,39.8,1170
2015-05-17,39.1,39.1,39.0,39.1,200
2015-05-18,40.1,40.1,40.1,40.1,50
2015-05-19,42.0,42.5,42.0,42.1,200
2015-05-20,42.0,42.0,42.0,42.0,50
2015-05-21,42.0,42.0,42.0,42.0,50
2015-05-24,45.0,45.0,43.1,44.2,400
2015-05-25,43.1,46.5,43.1,45.4,1148
2015-05-26,45.0,47.9,45.0,47.0,600
2015-05-27,44.0,47.0,44.0,46.7,1000
2015-06-01,47.5,47.5,47.5,47.5,151
2015-06-17,45.0,47.0,45.0,46.4,400
2015-06-18,47.0,47.0,46.9,47.0,450
2015-06-21,48.0,50.0,48.0,48.6,1350
2015-06-22,45.0,45.0,45.0,45.0,220
2015-06-24,45.2,47.4,45.2,46.0,400
2015-06-25,50.2,50.2,50.1,50.2,300
2015-06-28,50.0,53.0,50.0,51.5,400
2015-06-29,52.0,55.0,52.0,52.9,3320
2015-06-30,52.0,54.6,50.1,53.0,1222
2015-07-02,54.9,55.0,51.1,53.8,1816
2015-07-07,49.0,49.0,48.5,48.6,1200
2015-07-08,47.0,47.0,47.0,47.0,80
2015-07-09,51.0,51.7,51.0,51.5,405
2015-07-13,48.0,48.0,48.0,48.0,100
2015-07-14,46.0,46.4,46.0,46.3,250
2015-07-21,46.0,46.0,46.0,46.0,200
2015-07-22,47.6,48.0,47.6,47.7,600
2015-07-28,45.0,45.0,45.0,45.0,50
2015-07-29,46.3,46.3,46.1,46.3,250
2015-07-30,49.8,49.8,49.8,49.8,501
2015-08-02,50.0,50.5,46.0,49.4,2460
2015-08-03,51.9,51.9,45.1,46.9,41
2015-08-04,48.0,51.5,47.5,48.7,963
2015-08-05,50.0,51.8,49.0,50.0,2798
2015-08-06,49.1,50.9,48.5,49.5,1400
2015-08-09,52.1,53.7,51.0,51.7,1550
2015-08-10,50.0,50.0,48.6,49.6,1100
2015-08-11,51.6,53.0,50.0,52.2,1835
2015-08-12,54.7,54.9,52.0,54.9,7660
2015-08-13,55.0,55.0,54.2,54.2,301
2015-08-16,58.0,58.0,52.0,56.2,1200
2015-08-17,52.5,52.5,52.5,52.5,25
2015-08-18,53.0,54.0,52.8,53.3,550
2015-08-19,57.0,57.0,52.7,55.6,1835
2015-08-20,61.1,61.1,57.0,57.7,3850
2015-08-23,63.4,63.4,57.1,61.1,4165
2015-08-24,64.0,64.0,59.5,61.0,4188
2015-08-25,64.0,64.0,59.0,59.6,4496
2015-08-26,63.3,63.3,60.2,61.4,4355
2015-08-27,64.0,64.9,62.0,63.2,2760
2015-08-30,63.0,65.5,63.0,63.7,4833
2015-08-31,64.1,68.0,63.2,67.2,10475
2015-09-01,69.0,72.2,69.0,71.7,6062
2015-09-02,74.0,74.0,70.0,71.9,2090
2015-09-03,74.0,74.0,70.0,72.5,2917
2015-09-06,73.5,75.0,70.0,72.1,4540
2015-09-07,75.9,75.9,70.0,70.6,3291
2015-09-08,65.0,70.0,64.0,64.8,2660
2015-09-09,63.0,63.0,59.8,61.1,2381
2015-09-10,67.0,67.0,62.6,63.2,2362
2015-09-13,65.9,65.9,63.0,64.1,1322
2015-09-14,66.0,66.0,61.2,63.1,1068
2015-09-15,63.5,65.0,61.3,63.3,1510
2015-09-16,61.9,61.9,61.3,61.5,1068
2015-09-17,65.0,65.0,59.7,60.2,2260
2015-09-21,62.0,62.0,62.0,62.0,1
2015-09-28,60.0,60.0,60.0,60.0,100
2015-09-29,59.0,59.0,58.0,58.3,2714
2015-09-30,63.8,63.8,54.0,55.7,1701
2015-10-01,60.2,60.2,54.6,55.7,992
2015-10-04,58.5,58.9,58.5,58.6,7
2015-10-05,54.5,58.0,54.5,55.1,202
2015-10-06,59.0,60.0,58.5,59.8,5438
2015-10-07,63.8,63.9,60.0,62.1,1518
2015-10-08,61.0,61.4,60.0,60.8,1385
2015-10-11,60.5,60.5,60.1,60.3,2245
2015-10-12,60.1,60.1,57.1,59.6,605
2015-10-13,57.2,59.6,57.1,57.9,350
2015-10-14,59.7,59.7,59.7,59.7,245
2015-10-15,57.0,58.8,57.0,58.2,456
2015-10-18,58.0,58.0,57.9,57.9,51
2015-10-19,58.0,61.0,54.9,57.6,2102
2015-10-20,58.0,58.0,54.6,56.2,145
2015-10-21,57.5,57.9,55.6,57.2,1610
2015-10-25,56.9,61.7,56.0,57.9,2451
2015-10-26,53.5,54.5,45.2,48.6,7012
2015-10-27,46.1,52.5,46.1,51.1,572
2015-10-28,56.0,56.0,52.1,53.1,383
2015-10-29,54.4,54.5,54.0,54.4,60
2015-11-01,53.5,54.0,49.5,50.6,4312
2015-11-02,49.1,52.0,49.0,51.4,1091
2015-11-03,50.5,51.9,50.0,50.3,2516
2015-11-04,52.5,52.5,50.5,50.8,460
2015-11-05,52.0,52.4,51.0,51.1,1270
2015-11-08,51.0,51.0,50.0,50.1,2755
2015-11-09,50.0,51.0,49.0,50.2,2185
2015-11-10,51.8,51.8,49.6,50.4,1580
2015-11-11,53.9,53.9,52.0,53.6,1294
2015-11-15,52.2,57.0,49.5,49.8,8005
2015-11-16,49.7,50.0,49.3,49.6,2100
2015-11-17,48.3,48.6,48.2,48.5,1605
2015-11-18,49.0,49.0,48.7,48.7,2700
2015-11-19,50.0,50.0,48.9,49.3,1560
2015-11-22,50.5,50.5,49.3,49.9,1450
2015-11-23,49.0,50.9,48.0,48.7,2760
2015-11-24,48.2,48.2,46.0,47.6,1310
2015-11-25,46.2,46.7,46.2,46.7,1830
2015-11-26,48.9,48.9,45.6,46.1,956
2015-11-29,50.0,50.0,48.0,49.4,2098
2015-11-30,50.0,50.0,48.9,49.8,2580
2015-12-01,49.9,49.9,49.6,49.7,2000
2015-12-02,50.0,50.0,49.0,49.4,1483
2015-12-03,49.1,50.0,49.1,49.7,150
2015-12-06,53.9,53.9,51.4,51.8,3357
2015-12-07,50.0,50.0,49.5,49.9,325
2015-12-08,49.2,50.0,49.1,49.3,1100
2015-12-10,50.0,52.0,50.0,51.5,1168
2015-12-13,48.0,53.9,48.0,51.9,3004
2015-12-14,52.0,57.0,52.0,55.2,6946
2015-12-15,55.0,57.4,55.0,56.2,689
2015-12-17,50.7,55.7,50.7,50.8,769
2015-12-20,50.4,50.4,50.4,50.4,50
2015-12-21,54.4,54.4,53.4,54.0,1035
2015-12-22,53.9,55.0,52.0,52.8,780
2015-12-23,52.4,54.0,52.3,52.4,814
2015-12-24,55.0,55.0,53.3,53.8,1460
2015-12-27,54.9,55.0,54.2,54.8,505
2015-12-28,54.0,54.0,54.0,54.0,390
2015-12-29,55.0,55.0,51.0,53.3,1545
2015-12-30,53.0,53.0,53.0,53.0,50
2015-12-31,52.9,52.9,51.1,51.7,600
2016-01-03,52.1,53.1,52.0,52.7,400
2016-01-04,53.2,54.0,52.1,53.1,594
2016-01-05,53.0,53.0,53.0,53.0,206
2016-01-06,53.4,53.4,53.4,53.4,100
2016-01-07,57.0,57.0,54.0,54.5,2017
2016-01-10,55.0,57.0,55.0,56.2,2455
2016-01-11,54.1,56.9,54.1,56.6,1970
2016-01-12,56.0,57.0,56.0,56.8,2910
2016-01-13,56.1,56.6,56.1,56.4,6271
2016-01-14,56.7,57.4,56.0,56.6,530
2016-01-17,59.7,59.7,59.7,59.7,50
2016-01-18,60.9,61.0,57.5,57.9,9335
2016-01-19,57.5,57.5,57.5,57.5,20
2016-01-20,57.5,57.6,57.5,57.5,2661
2016-01-21,59.0,60.0,57.6,57.8,2098
2016-01-24,58.0,63.4,58.0,61.6,3260
2016-01-25,62.5,64.8,62.5,63.6,2401
2016-01-26,62.0,62.0,60.0,61.3,360
2016-01-27,59.0,59.1,58.9,59.0,300
2016-01-28,56.5,56.5,53.1,53.6,3197
2016-01-31,53.9,53.9,51.9,52.6,156
2016-02-01,49.1,50.3,49.0,49.3,315
2016-02-02,53.4,54.0,50.5,52.8,850
2016-02-03,52.3,53.0,52.3,52.5,550
2016-02-04,50.7,53.2,50.7,53.0,90
2016-02-07,57.0,58.2,57.0,57.9,1555
2016-02-08,56.6,56.6,56.3,56.4,287
2016-02-10,57.0,58.0,55.1,55.6,215
2016-02-11,53.0,56.9,53.0,53.0,101
2016-02-14,54.3,57.7,53.5,53.9,1202
2016-02-15,53.4,53.4,53.0,53.3,1061
2016-02-16,52.5,52.5,52.5,52.5,389
2016-02-17,52.5,52.5,52.5,52.5,389
2016-02-24,55.0,55.0,52.0,52.6,11
2016-02-28,53.0,55.8,53.0,55.7,62
2016-02-29,55.8,57.5,55.8,56.0,498
2016-03-01,53.2,53.2,53.1,53.1,500
2016-03-03,50.0,50.0,50.0,50.0,100
2016-03-08,53.0,53.0,53.0,53.0,13
2016-03-09,53.5,53.6,53.5,53.5,70
2016-03-13,56.0,56.5,54.0,54.2,540
2016-03-14,56.0,56.0,56.0,56.0,200
2016-03-15,56.1,57.8,56.0,57.0,1195
2016-03-22,52.3,52.3,52.3,52.3,100
2016-03-24,53.1,53.1,53.1,53.1,100
2016-03-29,57.5,57.9,54.3,56.1,1139
2016-03-30,57.0,58.0,56.1,57.2,1174
2016-04-03,52.1,56.9,52.1,56.9,301
2016-04-04,53.0,55.8,53.0,55.7,31
2016-04-05,55.6,55.7,55.6,55.7,324
2016-04-06,52.1,52.1,52.1,52.1,26
2016-04-07,54.1,54.1,54.1,54.1,50
2016-04-10,54.1,54.1,53.1,53.6,20
2016-04-11,54.1,54.1,54.0,54.0,140
2016-04-12,55.0,55.0,54.0,54.7,150
2016-04-20,54.0,54.0,53.0,53.2,494
2016-04-21,53.1,53.1,51.8,52.4,591
2016-04-24,53.0,53.4,53.0,53.2,404
2016-04-26,54.6,56.7,53.0,54.9,1541
2016-04-28,52.0,52.0,49.5,50.2,510
2016-05-02,52.0,52.0,49.0,50.0,115
2016-05-04,48.0,48.5,48.0,48.3,1260
2016-05-09,48.2,48.2,48.0,48.1,400
2016-05-10,47.9,47.9,47.8,47.9,200
2016-05-11,50.0,52.0,48.1,52.0,260
2016-05-12,50.0,53.0,50.0,52.2,1390
2016-05-15,51.3,51.5,50.1,50.6,906
2016-05-17,51.2,51.5,51.1,51.2,354
2016-05-18,55.6,56.3,55.6,55.9,1246
2016-05-19,56.4,56.5,56.4,56.5,1335
2016-05-22,57.4,57.4,57.4,57.4,135
2016-05-24,55.0,56.0,55.0,55.5,100
2016-05-26,53.6,54.0,53.6,53.9,505
2016-05-29,54.8,54.8,54.0,54.4,255
2016-06-02,55.0,55.0,54.3,54.5,1109
2016-06-06,54.0,54.0,51.1,52.2,1235
2016-06-09,52.1,52.1,52.0,52.1,195
2016-06-12,51.2,51.2,51.1,51.1,350
2016-06-14,51.3,51.4,51.2,51.3,1500
2016-06-15,51.4,52.0,50.0,51.0,850
2016-06-16,50.3,51.0,50.1,50.4,600
2016-06-19,51.5,51.5,51.0,51.4,700
2016-06-20,51.5,51.5,50.3,51.5,289
2016-06-21,52.5,52.5,52.5,52.5,145
2016-06-22,52.0,52.0,52.0,52.0,350
2016-06-26,51.9,51.9,51.5,51.6,170
2016-07-11,50.4,50.4,50.4,50.4,528
2016-07-12,50.5,50.5,50.5,50.5,300
2016-07-16,50.9,51.0,50.2,50.9,1020
2016-07-17,51.9,55.9,51.9,53.2,1258
2016-07-18,51.8,51.8,51.8,51.8,48
2016-07-19,53.5,55.6,53.5,53.8,2798
2016-07-20,54.0,54.1,54.0,54.0,204
2016-07-25,54.5,55.9,54.5,55.0,3090
2016-07-26,56.0,57.2,56.0,56.7,1453
2016-07-27,57.1,60.7,57.1,59.8,1400
2016-07-31,57.0,58.0,56.0,57.1,379
2016-08-01,59.1,59.1,56.2,57.5,425
2016-08-02,58.9,63.2,58.9,63.2,12582
2016-08-03,64.9,69.5,64.9,68.7,8409
2016-08-04,70.6,70.8,63.0,66.5,900
2016-08-07,63.6,73.0,63.6,70.9,2674
2016-08-08,74.8,74.8,68.0,68.0,1273
2016-08-09,69.0,69.0,69.0,69.0,1
2016-08-10,70.0,70.0,64.6,64.7,265
2016-08-11,65.0,67.0,65.0,66.0,1136
2016-08-14,66.0,66.0,65.0,65.7,359
2016-08-16,65.0,65.0,65.0,65.0,250
2016-08-17,68.0,68.0,62.0,63.0,7820
2016-08-18,62.9,66.0,62.1,64.8,2808
2016-08-21,62.0,62.5,60.0,62.0,1121
2016-08-22,62.0,62.0,59.8,62.0,301
2016-08-23,65.0,65.0,60.3,61.9,1202
2016-08-28,60.2,60.5,60.2,60.4,1240
2016-08-31,55.0,55.1,54.4,54.8,890
2016-09-01,59.0,60.2,59.0,60.0,1300
2016-09-04,60.0,62.82,59.52,62.52,2210
2016-09-05,60.0,60.0,55.4,58.4,950
2016-09-08,56.2,56.2,56.2,56.2,100
2016-09-19,56.0,56.0,56.0,56.0,32
2016-09-20,56.0,56.0,56.0,56.0,64
2016-09-21,59.9,59.9,59.9,59.9,1514
2016-09-22,58.0,58.0,57.0,57.4,1030
2016-09-24,57.1,57.1,55.1,56.0,945
2016-09-25,56.1,56.1,56.0,56.1,250
2016-09-26,56.0,57.9,56.0,56.0,101
2016-09-27,54.0,54.0,54.0,54.0,100
2016-09-28,54.1,54.1,54.0,54.0,202
2016-09-29,54.7,55.6,54.7,54.9,650
2016-10-02,54.9,57.4803,54.4608,57.2058,1105
2016-10-03,55.0,55.0,55.0,55.0,400
2016-10-04,58.0,58.0,56.0,57.7,647
2016-10-05,59.0,60.0,56.3,59.2,798
2016-10-06,57.0,57.0,56.2,56.4,1000
2016-10-09,56.4,56.4,51.7,53.1,8464
2016-10-10,53.3,53.3,53.3,53.3,340
2016-10-13,53.6,53.6,53.6,53.6,100
2016-10-16,54.0,57.5,54.0,54.4,582
2016-10-17,54.4,54.4,54.4,54.4,500
2016-10-18,54.6,54.9,54.6,54.9,1205
2016-10-20,55.1,55.3,55.1,55.1,840
2016-10-23,55.7,55.7,55.2,55.5,226
2016-10-24,56.0,59.1,56.0,58.4,3193
2016-10-25,62.0,62.1,59.0,60.3,5956
2016-10-26,60.0,60.0,57.1,59.3,196
2016-10-30,54.2,54.2,54.0,54.2,409
2016-10-31,58.9,58.9,58.9,58.9,1
2016-11-01,59.1,59.1,54.4,54.4,575
2016-11-02,58.5,58.9,58.5,58.8,760
2016-11-03,58.0,58.0,55.0,55.7,1564
2016-11-07,56.0,57.6,56.0,56.7,725
2016-11-08,58.0,58.0,57.0,57.0,152
2016-11-09,57.0,57.1,55.0,56.6,315
2016-11-10,53.0,56.9,53.0,54.2,1107
2016-11-13,54.2,54.2,54.2,54.2,5
2016-11-14,55.0,56.5,54.9,56.1,1500
2016-11-15,54.0,54.0,54.0,54.0,100
2016-11-16,49.2,53.8,49.2,53.2,712
2016-11-17,55.8,55.8,54.2,54.3,851
2016-11-20,56.0,56.0,54.5,54.5,1697
2016-11-21,55.0,55.9,55.0,55.0,66
2016-11-22,53.6,56.0,53.5,53.9,447
2016-11-23,54.1,54.4,53.5,53.7,1100
2016-11-24,53.5,55.5,53.0,53.4,2657
2016-11-27,58.5,58.5,53.7,55.5,2705
2016-11-28,54.0,54.8,53.3,54.5,382
2016-11-29,57.2,57.2,53.5,54.5,3025
2016-12-01,51.5,53.5,51.5,52.4,154
2016-12-04,53.0,54.5,53.0,53.8,407
2016-12-05,53.7,54.9,53.7,54.4,1885
2016-12-06,54.2,54.9,52.3,54.4,2560
2016-12-07,52.9,53.0,52.9,53.0,100
2016-12-08,51.0,54.6,51.0,52.2,770
2016-12-11,51.5,53.0,51.5,52.3,199
2016-12-12,53.0,54.3,52.3,53.2,1300
2016-12-14,52.7,56.4,52.7,53.6,782
2016-12-15,54.0,54.0,53.7,53.8,600
2016-12-18,59.1,59.1,54.0,56.7,6169
2016-12-19,52.5,52.5,52.4,52.4,960
2016-12-20,54.0,54.0,53.0,53.1,921
2016-12-21,51.0,51.0,51.0,51.0,100
2016-12-22,52.6,54.5,52.5,53.5,400
2016-12-26,52.0,54.4,52.0,53.1,1790
2016-12-27,53.5,53.5,52.5,53.0,1000
2016-12-28,53.0,53.9,53.0,53.6,475
2016-12-29,54.4,56.9,52.3,53.2,3392
2017-01-01,54.5,55.0,52.0,54.5,2510
2017-01-02,55.0,55.0,54.5,54.6,1400
2017-01-03,56.0,58.5,55.0,56.6,10021
2017-01-04,57.2,57.4,57.0,57.1,3110
2017-01-05,59.5,59.5,56.8,57.5,1616
2017-01-08,58.0,59.0,56.4,58.6,4848
2017-01-09,58.0,60.0,57.1,58.3,3748
2017-01-10,62.5,62.5,58.2,60.2,2215
2017-01-11,61.9,61.9,59.0,60.1,2854
2017-01-12,58.3,63.9,58.3,60.5,575
2017-01-15,59.2,61.5,59.0,60.3,670
2017-01-16,62.0,62.5,59.2,61.7,1090
2017-01-17,61.0,62.3,61.0,61.6,2300
2017-01-18,60.3,60.3,57.5,59.2,1195
2017-01-19,58.1,58.1,58.1,58.1,175
2017-01-22,59.9,60.0,58.5,59.0,1058
2017-01-23,56.9,56.9,56.9,56.9,230
2017-01-24,57.2,57.2,57.0,57.1,1316
2017-01-25,60.8,60.8,58.0,58.7,175
2017-01-26,59.0,59.0,59.0,59.0,192
2017-01-29,55.0,55.0,55.0,55.0,800
2017-01-30,54.0,54.0,52.5,53.0,229
2017-01-31,54.0,54.0,51.4,53.4,3021
2017-02-01,52.5,54.0,52.0,53.0,696
2017-02-02,54.0,55.4,54.0,54.9,549
2017-02-05,54.0,54.0,53.5,53.9,655
2017-02-06,55.4,55.5,55.4,55.5,70
2017-02-07,58.0,58.0,58.0,58.0,2
2017-02-08,59.2,59.2,57.9,58.0,105
2017-02-09,59.0,59.0,59.0,59.0,5
2017-02-12,60.0,60.0,54.7,57.3,1533
2017-02-13,57.0,57.9,57.0,57.4,778
2017-02-14,57.0,57.0,57.0,57.0,538
2017-02-15,55.2,55.2,55.1,55.2,204
2017-02-16,55.2,55.2,55.1,55.1,540
2017-02-19,57.5,57.5,55.3,56.3,691
2017-02-20,56.0,56.1,55.3,55.7,1470
2017-02-22,55.0,55.3,55.0,55.1,269
2017-02-23,55.5,55.5,54.6,54.8,680
2017-02-26,54.3,54.4,52.3,53.7,536
2017-02-27,53.1,53.5,53.0,53.1,924
2017-02-28,57.6,57.6,53.6,54.5,1036
2017-03-02,52.6,52.6,52.6,52.6,10
2017-03-05,54.0,54.0,52.6,53.6,675
2017-03-06,54.0,54.0,54.0,54.0,900
2017-03-07,55.0,55.0,54.0,54.5,425
2017-03-08,53.0,53.7,53.0,53.1,660
2017-03-09,57.9,57.9,52.7,53.0,105
2017-03-12,55.5,55.6,55.5,55.6,551
2017-03-14,53.1,53.1,53.1,53.1,5
2017-03-15,57.4,57.4,55.9,56.0,110
2017-03-16,53.8,55.0,53.6,54.0,560
2017-03-19,50.1,50.1,50.0,50.0,630
2017-03-20,53.0,53.0,53.0,53.0,30
2017-03-21,55.0,55.0,50.9,51.5,4083
2017-03-22,55.0,55.0,49.5,49.7,19693
2017-03-23,50.2,50.2,49.7,50.0,6005
2017-03-27,49.1,49.1,49.0,49.0,50
2017-03-28,51.0,53.0,51.0,51.3,915
2017-03-29,50.2,52.9,50.2,50.8,130
2017-03-30,53.0,53.1,53.0,53.0,425
2017-04-03,50.0,50.0,50.0,50.0,55
2017-04-04,50.1,51.0,50.1,50.2,1642
2017-04-06,50.1,50.4,50.1,50.2,601
2017-04-09,50.3,50.4,50.3,50.4,152
2017-04-11,46.1,48.1,46.1,48.0,304
2017-04-12,51.8,51.9,51.8,51.9,110
2017-04-13,52.7,52.8,52.7,52.8,1000
2017-04-16,52.8,53.0,52.8,53.0,150
2017-04-19,52.7,52.7,52.2,52.6,720
2017-04-20,51.5,51.5,51.5,51.5,100
2017-04-24,51.4,51.5,51.0,51.1,650
2017-04-26,51.0,51.9,50.0,50.3,1701
2017-04-27,50.3,51.9,50.3,51.7,460
2017-04-30,50.2,51.9,50.2,50.4,143
2017-05-02,50.5,50.5,50.3,50.4,360
2017-05-03,50.1,50.1,50.1,50.1,245
2017-05-04,50.1,50.2,50.1,50.2,90
2017-05-07,50.4,51.8,50.4,50.9,1440
2017-05-08,51.0,51.0,50.7,50.9,3020
2017-05-09,50.9,51.2,50.9,51.1,250
2017-05-11,51.2,52.0,51.2,52.0,833
2017-05-14,52.0,54.0,52.0,53.2,5185
2017-05-15,55.0,55.9,53.6,55.1,4290
2017-05-16,54.0,60.6,54.0,60.4,8875
2017-05-17,61.3,66.4,61.2,66.4,14337
2017-05-18,69.9,71.9,65.0,65.1,19385
2017-05-21,62.0,65.9,60.0,60.6,5283
2017-05-22,64.5,64.5,60.1,60.6,1020
2017-05-23,59.2,59.4,59.2,59.3,400
2017-05-24,58.3,61.0,58.3,59.8,1001
2017-05-25,61.0,61.7,59.1,60.5,1060
2017-05-29,56.7,57.0,56.6,56.8,1191
2017-05-30,60.0,60.0,60.0,60.0,200
2017-06-01,60.7,60.8,60.7,60.7,140
2017-06-04,60.0,60.5,55.9,57.6,1196
2017-06-05,56.9,56.9,56.5,56.7,250
2017-06-06,56.2,57.1,55.2,56.0,998
2017-06-07,56.4,56.4,54.5,55.2,1100
2017-06-08,55.0,56.9,54.2,55.1,861
2017-06-11,59.0,60.0,59.0,59.9,310
2017-06-12,58.5,58.5,58.5,58.5,500
2017-06-13,59.5,59.5,59.5,59.5,35
2017-06-14,58.0,59.9,58.0,59.8,104
2017-06-15,59.4,59.4,59.4,59.4,100
2017-06-19,56.5,56.8,55.0,56.5,2671
2017-06-20,56.0,56.6,56.0,56.6,73
2017-06-21,57.3,57.4,57.3,57.4,933
2017-06-22,58.0,60.8,58.0,59.9,4360
2017-06-28,61.0,61.0,60.5,60.6,946
2017-06-29,59.0,61.0,59.0,60.7,2021
2017-07-02,59.9,60.5,59.9,60.4,1750
2017-07-03,60.8,64.0,60.8,63.2,4479
2017-07-04,61.0,63.0,61.0,62.2,2232
2017-07-05,65.0,65.0,62.7,64.3,4474
2017-07-06,63.1,65.4,58.2,64.5,2872
2017-07-09,63.0,64.0,61.2,63.3,375
2017-07-10,63.5,64.8,61.2,63.1,1825
2017-07-11,62.0,63.7,62.0,62.9,200
2017-07-12,66.0,66.0,63.3,64.9,7050
2017-07-13,65.6,66.0,63.0,65.5,2071
2017-07-16,65.1,65.9,64.8,65.0,6194
2017-07-17,65.0,71.5,64.0,71.1,27389
2017-07-18,73.1,78.2,72.9,78.2,26938
2017-07-19,83.2,86.0,81.4,84.9,21752
2017-07-20,84.0,84.0,81.1,83.7,3616
2017-07-23,83.7,92.0,83.7,92.0,29987
2017-07-24,96.0,100.0,96.0,98.8,25920
2017-07-25,102.9,102.9,91.6,92.5,4464
2017-07-26,99.8,99.8,90.5,91.1,3422
2017-07-27,92.0,100.2,92.0,100.1,14534
2017-07-30,100.1,105.8,100.0,104.8,14880
2017-07-31,104.9,107.5,95.8,97.3,9728
2017-08-01,92.0,98.9,88.6,89.8,9737
2017-08-02,97.9,97.9,90.0,90.4,5468
2017-08-03,92.9,93.9,92.6,92.7,2031
2017-08-06,91.0,91.5,90.0,90.1,5285
2017-08-07,90.1,90.1,86.0,87.8,8370
2017-08-08,90.9,90.9,87.0,87.5,1955
2017-08-10,84.2,87.9,84.2,87.1,1900
2017-08-13,87.0,87.0,78.5,83.2,4140
2017-08-16,80.3,83.7,80.3,82.0,2135
2017-08-17,89.0,89.0,85.1,85.6,2175
2017-08-20,93.9,93.9,86.0,91.2,542
2017-08-21,90.0,92.5,88.5,89.6,3453
2017-08-22,91.0,95.0,90.2,94.1,2965
2017-08-23,96.8,98.6,94.0,96.1,7534
2017-08-24,97.0,97.0,95.6,96.9,4775
2017-08-27,100.0,105.0,97.1,99.9,8422
2017-08-28,103.0,103.0,96.5,98.2,7526
2017-08-29,96.0,97.8,96.0,96.8,496
2017-08-30,97.2,99.6,96.1,96.1,4170
2017-08-31,99.5,99.6,94.0,97.1,2931
2017-09-04,96.5,97.0,93.1,93.9,3475
2017-09-05,98.5,98.5,94.1,96.9,2553
2017-09-06,95.1,96.0,92.0,92.7,3995
2017-09-07,93.0,93.2,85.2,89.4,1600
2017-09-10,87.0,87.2,87.0,87.1,175
2017-09-11,86.7,89.0,86.0,86.6,600
2017-09-12,89.5,89.5,84.0,85.0,3214
2017-09-13,85.5,85.6,82.0,83.2,2405
2017-09-14,83.6,83.6,83.6,83.6,50
2017-09-17,83.3,86.9,83.3,84.6,5986
2017-09-18,85.1,87.8,85.1,85.6,2833
2017-09-19,86.0,87.0,85.4,85.9,3106
2017-09-20,85.2,87.3,84.5,85.3,455
2017-09-21,89.1,89.1,81.0,82.1,967
2017-09-24,84.0,84.0,84.0,84.0,150
2017-09-25,84.5,84.5,84.0,84.3,380
2017-09-26,80.1,80.5,80.0,80.0,152
2017-09-27,86.9,86.9,84.5,84.5,2745
2017-09-28,84.5,85.0,83.0,84.7,264
2017-10-02,80.5,84.0,80.3,81.1,650
2017-10-03,84.0,84.0,80.5,81.1,1955
2017-10-04,80.5,82.6,80.5,80.7,1900
2017-10-05,83.0,83.0,78.1,79.9,1105
2017-10-08,77.0,78.0,77.0,77.1,1590
2017-10-09,78.5,83.9,78.1,78.8,326
2017-10-11,79.1,79.1,79.0,79.1,425
2017-10-12,81.0,81.0,75.9,77.3,2101
2017-10-17,76.1,76.5,71.1,72.6,3954
2017-10-18,74.0,79.0,74.0,78.8,1989
2017-10-19,80.0,84.6,80.0,84.2,1884
2017-10-22,85.5,85.5,80.0,84.1,2190
2017-10-23,84.5,84.5,76.0,78.8,152
2017-10-25,81.0,84.9,81.0,82.6,595
2017-10-26,76.0,84.9,75.2,77.6,1726
2017-10-29,82.0,84.0,76.0,78.5,300
2017-10-30,76.1,76.1,76.1,76.1,100
2017-10-31,73.2,78.0,73.2,76.8,1050
2017-11-01,81.9,81.9,81.4,81.7,2032
2017-11-02,80.5,80.5,77.3,78.0,2281
2017-11-05,85.0,85.0,78.0,78.2,185
2017-11-06,78.4,80.0,78.1,78.4,780
2017-11-07,81.0,81.0,78.5,80.1,436
2017-11-08,80.8,80.8,76.0,76.2,1195
2017-11-09,76.6,79.9,76.2,79.9,1302
2017-11-12,78.0,79.9,77.7,78.9,3400
2017-11-13,77.5,84.8,77.0,81.6,2666
2017-11-14,84.9,89.7,84.9,89.7,10988
2017-11-15,88.6,88.7,81.0,85.1,4180
2017-11-16,93.0,93.6,87.9,93.6,9310
2017-11-19,99.9,102.9,99.9,102.8,32959
2017-11-21,102.8,113.0,102.5,102.8,22367
2017-11-22,105.0,113.5,101.3,113.5,25645
2017-11-23,119.0,124.0,117.0,117.7,11327
2017-11-26,116.0,126.9,111.2,124.7,10056
2017-11-27,121.3,129.9,121.3,125.8,4760
2017-11-28,126.5,126.5,120.0,123.9,536
2017-11-29,119.1,120.0,117.2,117.9,3262
2017-11-30,111.5,117.9,111.4,112.1,4355
2017-12-03,119.0,119.0,118.5,118.9,550
2017-12-04,119.0,119.0,111.0,113.5,2081
2017-12-05,115.0,116.9,114.0,114.8,1920
2017-12-06,116.1,123.9,116.1,123.3,3388
2017-12-07,123.9,123.9,118.1,121.6,1065
2017-12-10,116.5,125.0,116.0,121.1,6162
2017-12-11,120.0,120.3,117.6,119.5,2553
2017-12-12,117.6,123.9,117.6,121.3,1310
2017-12-13,121.1,122.0,121.1,121.5,1284
2017-12-14,121.0,123.1,118.6,121.7,1968
2017-12-17,121.6,121.6,118.8,119.0,2798
2017-12-18,118.2,120.8,112.0,117.4,1640
2017-12-19,118.0,118.2,112.0,115.0,3506
2017-12-20,114.0,114.0,112.5,112.7,1069
2017-12-21,112.8,112.8,105.8,108.1,2870
2017-12-24,108.2,114.9,108.1,112.1,2849
2017-12-26,109.3,111.9,109.3,109.5,2875
2017-12-27,105.9,109.0,105.4,106.7,946
2017-12-28,103.0,106.0,103.0,103.3,11
2018-01-01,110.0,112.9,102.5,104.3,2876
2018-01-02,112.0,112.0,104.3,104.3,20
2018-01-03,125.9,126.0,125.9,126.0,11480
2018-01-04,138.6,138.6,132.3,138.6,45580
2018-01-07,141.7,145.0,137.0,142.1,12444
2018-01-08,138.4,141.9,136.2,137.8,4212
2018-01-09,137.7,151.5,137.7,151.5,15205
2018-01-10,160.0,166.6,152.5,166.6,6452
2018-01-11,177.0,181.0,160.1,166.4,4609
2018-01-14,161.7,163.5,158.0,162.2,4828
2018-01-15,158.1,158.1,146.0,147.9,8578
2018-01-16,138.1,157.8,138.1,153.3,6188
2018-01-17,150.5,153.0,145.2,146.9,3827
2018-01-18,147.0,152.9,147.0,152.2,7159
2018-01-21,151.6,166.0,151.6,165.9,5988
2018-01-22,170.0,170.0,156.5,158.3,6707
2018-01-23,158.0,171.0,158.0,162.6,1046
2018-01-24,171.7,171.7,160.4,161.8,9959
2018-01-25,164.0,166.9,161.8,165.0,5299
2018-01-28,169.0,169.0,162.0,163.1,5611
2018-01-29,158.0,167.0,158.0,159.5,2702
2018-01-30,159.3,161.9,159.3,161.3,104
2018-01-31,160.3,161.6,155.0,158.0,3551
2018-02-01,156.7,163.5,156.1,157.9,3549
2018-02-04,164.0,164.0,158.1,159.1,4837
2018-02-05,151.0,155.1,151.0,154.7,2872
2018-02-06,154.1,165.0,153.2,163.3,6989
2018-02-07,159.0,172.9,159.0,171.6,13051
2018-02-08,173.0,177.5,172.0,173.6,5152
2018-02-11,173.6,184.9,173.6,184.2,7797
2018-02-12,184.0,185.9,180.6,181.2,948
2018-02-13,183.0,185.5,182.2,184.6,9778
2018-02-14,185.0,191.8,185.0,186.6,9407
2018-02-15,185.0,185.0,170.6,180.5,6444
2018-02-18,182.0,184.7,175.1,178.4,836
2018-02-19,180.0,180.0,170.0,172.9,5149
2018-02-20,175.0,175.0,165.4,172.3,6568
2018-02-22,168.8,171.5,167.0,168.0,2595
2018-02-25,168.5,170.8,165.0,165.8,9869
2018-02-26,167.0,167.0,162.2,163.3,4606
2018-02-27,173.9,173.9,165.0,168.7,3107
2018-02-28,172.0,172.0,165.9,166.8,2964
2018-03-01,167.0,172.0,167.0,169.8,3312
2018-03-04,170.0,179.7,170.0,177.7,10387
2018-03-05,177.4,177.9,174.0,175.5,4651
2018-03-06,175.0,179.5,172.0,177.3,4435
2018-03-07,177.0,178.7,176.1,177.5,3561
2018-03-08,177.0,179.0,176.6,178.0,6486
2018-03-11,178.0,179.7,173.0,174.1,1986
2018-03-12,170.0,170.0,165.5,165.9,2416
2018-03-13,162.6,162.6,156.0,157.7,2672
2018-03-14,161.0,171.4,161.0,166.3,1559
2018-03-15,174.8,174.8,167.0,167.3,1335
2018-03-18,166.0,173.0,165.0,165.9,256
2018-03-19,165.1,165.2,161.6,162.2,5685
2018-03-20,163.4,167.0,160.0,162.5,1475
2018-03-21,165.0,165.0,157.0,163.9,2516
2018-03-22,165.0,166.8,162.0,166.6,1666
2018-03-25,162.0,162.0,161.1,162.0,660
2018-03-27,160.1,160.1,156.9,157.3,2468
2018-03-28,150.1,150.3,150.0,150.1,1573
2018-03-29,150.0,158.9,150.0,151.5,191
2018-04-01,159.0,161.0,159.0,159.8,1368
2018-04-02,165.0,165.0,160.1,161.0,495
2018-04-03,162.0,163.4,157.5,158.8,2785
2018-04-04,162.0,162.0,159.0,160.7,745
2018-04-05,156.1,160.9,156.1,160.0,2393
2018-04-08,160.2,160.2,153.5,158.6,5086
2018-04-09,157.0,157.1,156.2,156.9,440
2018-04-10,154.1,172.0,154.0,159.9,3390
2018-04-11,160.0,167.0,159.0,162.9,4436
2018-04-12,166.5,166.5,161.9,164.8,1333
2018-04-15,162.1,162.1,162.1,162.1,167
2018-04-16,162.2,162.8,162.0,162.5,1385
2018-04-17,161.9,161.9,160.0,160.0,2744
2018-04-18,160.5,160.5,157.0,157.5,1050
2018-04-19,158.7,165.5,158.7,164.0,1960
2018-04-22,170.2,178.5,170.0,172.6,13167
2018-04-23,184.0,188.8,178.1,179.9,16761
2018-04-24,183.5,183.5,172.1,172.7,5190
2018-04-25,165.2,174.0,165.1,169.6,1499
2018-04-26,174.9,175.5,174.9,175.1,970
2018-04-30,190.0,190.0,165.6,175.7,670
2018-05-03,176.0,176.0,165.7,165.9,1112
2018-05-06,161.1,168.0,161.1,162.6,391
2018-05-07,172.9,172.9,163.0,163.3,1941
2018-05-08,165.9,166.0,161.4,165.2,1216
2018-05-09,163.0,166.0,163.0,163.3,3131
2018-05-10,162.5,165.0,162.0,162.6,304
2018-05-13,160.6,160.6,160.6,160.6,100
2018-05-14,165.0,165.0,161.2,161.4,105
2018-05-15,165.0,166.0,161.0,161.9,98
2018-05-16,160.0,162.0,160.0,160.2,1070
2018-05-17,158.3,158.3,144.5,150.5,4287
2018-05-20,145.2,160.0,145.0,146.5,726
2018-05-21,160.0,160.0,148.1,153.6,610
2018-05-23,159.9,159.9,158.0,158.0,397
2018-05-24,156.0,156.0,156.0,156.0,76
2018-05-27,153.9,154.0,147.0,151.9,370
2018-05-28,145.1,152.0,140.0,143.3,1196
2018-05-29,150.0,150.0,140.1,141.0,1747
2018-05-30,150.0,150.0,145.2,148.1,275
2018-05-31,162.8,162.8,148.5,149.6,1061
2018-06-03,151.0,151.1,147.0,149.6,5070
2018-06-04,150.0,156.9,150.0,153.9,3116
2018-06-05,152.1,164.5,152.0,160.0,3604
2018-06-06,170.0,170.0,160.0,160.6,4515
2018-06-07,160.2,164.8,159.9,160.5,1303
2018-06-10,168.6,168.6,153.6,156.1,4946
2018-06-11,161.0,165.0,158.0,160.1,1630
2018-06-12,158.0,164.8,156.6,161.5,6876
2018-06-18,163.2,166.0,161.9,163.8,5157
2018-06-19,161.1,164.9,161.1,163.1,3030
2018-06-20,164.5,168.4,162.6,165.8,5244
2018-06-21,165.2,166.0,160.0,161.1,8125
2018-06-24,167.9,167.9,160.0,160.8,1090
2018-06-25,161.7,161.7,160.0,161.2,688
2018-06-26,161.2,163.0,155.0,155.4,2198
2018-06-27,159.9,164.6,157.9,159.1,3167
2018-06-28,161.0,169.8,159.4,166.6,9745
2018-07-02,170.0,183.2,170.0,183.2,23379
2018-07-03,190.0,190.0,170.0,171.3,3515
2018-07-04,181.0,181.0,172.0,173.2,4297
2018-07-05,175.2,175.2,170.0,171.6,3844
2018-07-08,165.4,171.4,165.1,167.9,6817
2018-07-09,167.1,173.9,167.1,168.9,4254
2018-07-10,168.9,169.9,160.0,161.4,1711
2018-07-11,171.9,171.9,162.0,165.0,911
2018-07-12,165.0,165.3,160.0,160.1,2131
2018-07-15,160.5,160.6,156.0,157.0,3687
2018-07-16,155.1,156.5,153.0,154.5,5958
2018-07-17,161.0,167.5,158.0,163.8,3397
2018-07-18,164.1,179.0,164.1,173.0,6056
2018-07-19,155.7,155.7,155.7,155.7,9662
2018-07-22,140.2,140.2,140.2,140.2,2095
2018-07-23,126.2,126.2,126.2,126.2,11094
2018-07-24,113.7,130.0,113.6,120.1,18122
2018-07-25,128.0,128.0,116.1,121.5,1296
2018-07-26,124.0,124.0,109.4,110.6,5409
2018-07-29,118.5,118.5,101.0,106.9,3362
2018-07-30,108.0,110.5,96.5,102.8,9514
2018-07-31,103.1,112.0,101.0,101.3,6546
2018-08-01,101.2,105.0,91.3,91.4,5641
2018-08-02,99.9,100.5,99.9,100.5,12035
2018-08-05,110.5,110.5,110.0,110.5,20089
2018-08-06,120.5,121.0,115.0,115.8,2932
2018-08-07,115.5,115.5,104.3,104.9,3228
2018-08-08,95.0,115.0,94.5,99.7,20475
2018-08-09,105.0,105.0,89.8,90.4,12239
2018-08-12,83.1,91.0,81.4,81.6,9246
2018-08-13,82.0,82.0,74.1,74.9,3296
2018-08-14,80.0,80.9,76.8,79.0,1687
2018-08-16,82.5,86.0,80.5,86.0,2854
2018-08-19,78.0,78.0,77.4,77.4,5454
2018-08-20,76.0,80.0,69.7,73.4,7857
2018-08-26,73.5,80.4,73.4,78.9,1715
2018-08-27,86.7,86.7,86.7,86.7,2258
2018-08-28,95.0,95.3,94.0,95.2,2949
2018-08-29,99.8,104.7,96.9,99.6,12562
2018-08-30,100.1,102.9,91.0,95.3,7231
2018-09-03,97.9,97.9,85.8,85.8,4110
2018-09-04,90.0,90.0,80.0,85.2,1021
2018-09-05,86.0,89.9,84.0,86.1,1534
2018-09-06,90.8,90.8,86.0,86.2,1687
2018-09-09,85.1,86.0,78.5,79.6,2449
2018-09-10,79.0,79.1,77.8,78.9,177
2018-09-11,74.0,85.2,74.0,83.1,1638
2018-09-12,86.5,86.5,83.8,84.6,1386
2018-09-13,85.0,89.0,84.4,84.6,1950
2018-09-16,80.4,80.4,80.0,80.1,900
2018-09-17,78.4,80.0,78.2,79.0,1838
2018-09-18,83.9,83.9,78.2,78.9,867
2018-09-19,79.2,81.1,79.0,80.6,1339
2018-09-20,78.3,78.3,75.0,76.3,250
2018-09-23,78.0,80.4,78.0,80.3,117
2018-09-24,79.9,80.0,75.0,79.9,692
2018-09-25,78.2,79.0,75.3,75.5,735
2018-09-26,77.0,77.0,69.6,70.0,2592
2018-09-27,76.0,76.0,70.1,70.3,1108
2018-09-30,76.5,76.5,72.0,73.4,700
2018-10-01,80.0,80.0,75.0,75.5,1599
2018-10-02,80.8,83.0,80.8,83.0,1831
2018-10-03,85.9,91.3,85.0,91.2,16517
2018-10-04,95.0,100.3,95.0,100.3,9844
2018-10-07,109.2,110.3,109.2,110.3,10651
2018-10-08,120.0,121.1,105.3,115.9,23044
2018-10-09,115.9,117.5,115.0,116.3,12914
2018-10-10,115.0,115.0,104.9,107.4,4951
2018-10-11,105.0,109.9,100.1,101.9,4320
2018-10-14,95.0,95.0,94.1,94.2,1220
2018-10-15,92.0,92.0,86.6,91.4,1670
2018-10-16,91.9,95.0,91.5,92.1,3171
2018-10-17,98.0,99.0,97.9,98.4,2235
2018-10-18,98.4,104.8,98.1,99.0,1590
2018-10-21,97.2,97.2,89.5,94.0,434
2018-10-22,92.0,92.0,92.0,92.0,245
2018-10-23,92.5,99.0,92.5,95.9,1299
2018-10-24,100.9,102.5,97.1,100.2,2954
2018-10-25,103.5,103.5,96.0,97.5,2041
2018-10-28,92.6,92.6,92.1,92.1,636
2018-10-29,91.1,91.5,87.0,88.4,1245
2018-10-30,83.4,94.0,83.2,87.3,1278
2018-10-31,87.0,96.0,86.2,95.3,953
2018-11-01,95.5,99.0,92.2,92.3,1168
2018-11-04,101.0,101.4,95.2,101.1,4176
2018-11-05,102.9,102.9,93.3,98.0,3403
2018-11-06,106.9,106.9,94.1,96.3,2521
2018-11-07,99.9,105.9,99.9,105.5,20835
2018-11-08,116.0,116.0,115.9,116.0,12515
2018-11-11,127.6,127.6,127.6,127.6,4316
2018-11-12,139.9,140.3,130.3,137.7,86864
2018-11-13,105.0,149.9,105.0,143.7,26122
2018-11-14,149.0,154.8,133.8,137.5,9346
2018-11-15,135.1,145.0,135.1,137.8,11881
2018-11-18,138.0,149.0,128.1,131.3,4628
2018-11-19,135.0,135.0,119.0,120.2,3202
2018-11-20,121.0,121.0,108.2,109.3,7360
2018-11-22,102.8,110.6,100.0,100.9,2754
2018-11-25,110.0,110.0,110.0,110.0,799
2018-11-26,121.0,121.0,121.0,121.0,319
2018-11-27,133.1,133.1,108.9,112.1,27428
2018-11-28,114.2,120.8,106.1,108.7,7657
2018-11-29,107.0,110.0,101.4,105.1,4590
2018-12-02,112.0,112.0,103.5,105.1,10831
2018-12-03,106.4,111.0,106.4,108.2,9743
2018-12-04,110.0,119.0,107.2,119.0,18486
2018-12-05,122.5,125.0,113.1,117.0,42134
2018-12-09,119.2,128.7,119.2,128.7,11061
2018-12-10,141.5,141.5,141.5,141.5,6564
2018-12-11,155.6,155.6,127.6,151.2,54081
2018-12-12,152.0,156.9,146.0,148.4,13396
2018-12-13,149.0,152.9,133.6,134.6,9958
2018-12-17,130.1,140.0,121.2,121.3,7656
2018-12-18,115.1,128.0,115.1,121.5,1090
2018-12-19,127.0,133.6,127.0,133.6,6948
2018-12-20,145.8,145.8,125.0,135.0,5582
2018-12-23,129.5,129.5,129.2,129.3,496
2018-12-24,127.1,134.0,125.0,125.5,251
2018-12-26,137.0,137.0,125.0,128.7,1616
2018-12-27,130.0,130.0,125.1,128.1,2217
2019-01-01,125.0,134.9,125.0,131.1,854
2019-01-02,139.5,139.5,130.0,132.5,5203
2019-01-03,132.5,139.0,127.1,129.2,11226
2019-01-06,131.0,139.0,131.0,134.0,5334
2019-01-07,146.9,147.1,139.5,147.1,13959
2019-01-08,154.8,158.0,135.0,137.4,6139
2019-01-09,147.0,147.0,123.7,129.3,9468
2019-01-10,129.4,136.9,125.6,128.1,4062
2019-01-13,137.5,140.9,137.5,140.6,4225
2019-01-14,152.9,154.0,140.0,140.8,9856
2019-01-15,135.0,147.8,135.0,141.2,1655
2019-01-16,148.9,148.9,133.0,135.4,3616
2019-01-17,128.1,137.8,121.9,126.8,14488
2019-01-20,130.8,132.7,125.1,129.1,3350
2019-01-21,122.0,130.0,121.0,129.9,1309
2019-01-22,133.0,135.0,127.5,127.9,3692
2019-01-23,130.0,130.9,128.0,128.6,2398
2019-01-24,137.8,137.8,127.0,132.9,3479
2019-01-27,122.1,132.0,122.0,122.9,3340
2019-01-28,130.8,130.8,125.1,126.4,438
2019-01-29,117.7,129.0,117.7,124.9,365
2019-01-30,128.0,128.0,119.2,127.2,1842
2019-01-31,126.0,130.0,122.0,124.4,1906
2019-02-03,128.9,128.9,122.1,122.2,1600
2019-02-04,119.0,120.2,118.1,119.1,2087
2019-02-05,120.0,128.0,120.0,121.9,1729
2019-02-06,120.0,126.9,116.4,119.0,1625
2019-02-07,125.0,128.5,117.0,121.9,1107
2019-02-10,119.5,125.9,119.5,120.3,1330
2019-02-11,120.5,124.9,120.5,123.0,1175
2019-02-12,125.8,125.9,121.2,121.4,1863
2019-02-13,109.3,118.8,109.3,109.3,17156
2019-02-14,100.5,108.0,99.5,105.1,4629
2019-02-17,100.5,104.3,97.0,102.3,4879
2019-02-18,111.0,111.0,103.1,103.9,4080
2019-02-19,101.0,110.0,93.6,105.2,15187
2019-02-20,106.9,106.9,97.0,98.5,4870
2019-02-24,93.2,100.4,92.5,94.4,3751
2019-02-25,95.0,98.5,94.1,95.6,2804
2019-02-26,92.0,92.0,86.1,87.1,8502
2019-02-27,92.0,95.7,92.0,93.8,3690
2019-03-03,99.8,99.8,95.1,99.4,317
2019-03-04,99.9,99.9,93.1,97.9,389
2019-03-05,99.4,99.6,97.0,99.2,1267
2019-03-06,98.0,98.0,92.8,95.4,632
2019-03-07,98.6,98.6,90.0,91.1,1103
2019-03-10,97.6,97.6,92.6,96.2,1144
2019-03-11,97.2,97.2,93.1,94.6,583
2019-03-12,96.8,96.8,88.5,89.3,2033
2019-03-13,93.0,93.0,89.1,89.5,888
2019-03-14,90.0,90.0,81.1,84.2,1726
2019-03-18,84.0,87.9,80.6,82.8,157
2019-03-19,87.5,87.8,83.1,86.4,2521
2019-03-20,88.0,88.0,87.0,87.6,140
2019-03-21,93.0,93.0,84.0,91.7,2271
2019-03-24,91.7,92.5,90.0,91.4,269
2019-03-25,92.0,93.0,89.0,90.4,532
2019-03-27,94.3,95.0,88.0,94.1,2847
2019-03-28,94.2,95.4,92.2,93.8,1703
2019-03-31,92.0,96.9,91.9,91.9,789
2019-04-01,90.5,90.5,88.2,88.4,2458
2019-04-02,88.7,88.8,86.0,86.2,2902
2019-04-03,86.6,93.4,86.5,92.8,1446
2019-04-04,95.7,95.7,90.0,91.5,196
2019-04-07,93.0,93.0,88.0,88.2,3081
2019-04-08,88.3,90.4,88.2,88.8,2850
2019-04-09,96.2,96.2,90.3,91.6,1894
2019-04-10,94.7,94.9,91.1,93.5,3222
2019-04-11,94.0,94.0,90.3,91.0,467
2019-04-15,94.0,98.4,91.4,96.9,6363
2019-04-16,95.0,98.9,93.1,94.9,3273
2019-04-17,94.0,104.0,94.0,101.8,4267
2019-04-18,102.8,108.0,102.8,106.8,1507
2019-04-21,110.0,110.0,101.1,104.2,228
2019-04-23,100.2,104.6,100.2,102.3,786
2019-04-24,100.0,100.0,96.1,97.0,1433
2019-04-25,103.6,104.9,101.2,104.2,2715
2019-04-28,105.4,105.4,102.2,104.0,5787
2019-04-29,101.1,101.8,98.0,98.9,633
2019-04-30,103.0,103.0,97.0,97.8,410
2019-05-02,97.8,97.8,93.0,94.8,3225
2019-05-05,94.8,103.9,94.8,99.2,2094
2019-05-06,97.2,97.2,97.2,97.2,51
2019-05-07,95.1,95.3,94.7,95.0,1250
2019-05-08,99.9,99.9,99.9,99.9,1
2019-05-09,105.0,105.0,97.4,97.6,574
2019-05-12,99.0,99.6,97.0,98.1,624
2019-05-13,98.0,98.1,97.9,98.0,593
2019-05-14,102.0,102.0,98.2,98.2,191
2019-05-15,96.0,99.0,96.0,98.3,1957
2019-05-16,98.0,101.4,95.0,99.7,4926
2019-05-19,102.0,102.0,98.3,98.5,3828
2019-05-20,104.9,104.9,96.1,96.7,1651
2019-05-21,101.0,101.0,101.0,101.0,1
2019-05-22,100.1,101.0,97.7,97.9,1704
2019-05-23,103.0,103.0,98.1,98.7,841
2019-05-26,97.5,97.8,97.5,97.7,674
2019-05-27,95.4,97.8,95.4,96.3,680
2019-05-28,97.8,97.8,97.8,97.8,25
2019-05-29,95.2,95.2,95.1,95.1,600
2019-05-30,96.9,96.9,95.7,96.9,205
2019-06-09,94.0,94.1,94.0,94.0,565
2019-06-10,95.8,95.8,95.8,95.8,400
2019-06-11,96.0,98.7,96.0,96.4,2889
2019-06-12,97.0,98.5,97.0,98.3,1954
2019-06-13,101.8,101.8,96.3,96.5,458
2019-06-16,98.0,101.3,98.0,98.3,500
2019-06-17,102.0,102.0,97.7,98.3,1066
2019-06-18,98.3,98.3,95.0,95.0,707
2019-06-19,102.9,102.9,95.0,95.1,212
2019-06-20,102.8,102.8,95.0,95.7,1675
2019-06-23,96.1,97.0,96.1,96.6,1576
2019-06-24,95.5,102.5,95.5,99.7,1221
2019-06-25,102.0,102.0,98.1,99.8,982
2019-06-26,97.5,98.0,95.1,95.9,2486
2019-06-27,96.1,97.2,96.1,97.2,593
2019-06-30,97.3,99.6,97.3,98.0,711
2019-07-02,100.0,100.0,98.5,99.0,1390
2019-07-03,99.5,100.0,98.0,99.0,230
2019-07-04,99.1,99.9,98.0,98.1,147
2019-07-07,98.8,98.8,96.0,98.1,19
2019-07-08,98.1,98.1,92.1,93.2,486
2019-07-09,97.4,97.4,97.4,97.4,5
2019-07-10,97.0,97.0,89.0,90.8,1205
2019-07-11,82.0,87.9,81.8,81.8,5299
2019-07-14,86.7,89.0,86.7,87.9,3408
2019-07-15,90.0,94.0,87.9,88.1,623
2019-07-16,88.1,88.1,88.1,88.1,20
2019-07-17,88.1,88.1,87.0,87.2,25
2019-07-18,80.7,86.9,80.7,81.6,7
2019-07-21,75.0,78.5,75.0,75.1,1270
2019-07-22,68.3,68.3,68.1,68.1,133
2019-07-23,74.9,74.9,68.4,74.9,1460
2019-07-24,73.0,79.9,73.0,75.0,77
2019-07-25,80.0,81.0,77.0,77.2,172
2019-07-28,72.7,73.4,72.7,73.2,44
2019-07-29,78.8,78.8,78.5,78.5,105
2019-07-30,78.8,84.5,78.5,79.9,1949
2019-07-31,84.7,84.7,78.0,80.3,1297
2019-08-01,85.1,85.1,80.0,80.6,2790
2019-08-04,84.9,84.9,79.1,82.5,513
2019-08-05,87.9,87.9,83.0,84.0,434
2019-08-06,84.0,85.0,83.6,84.5,2323
2019-08-07,84.5,84.5,76.5,78.8,2163
2019-08-08,85.9,85.9,85.4,85.4,91
2019-08-18,85.0,89.6,82.0,83.7,323
2019-08-19,89.0,89.0,88.7,89.0,88
2019-08-20,85.0,87.0,82.0,82.4,1114
2019-08-21,85.0,86.5,82.3,85.7,2321
2019-08-22,87.8,89.5,85.0,88.0,4384
2019-08-25,89.0,89.0,88.1,88.7,2350
2019-08-26,85.0,85.0,85.0,85.0,150
2019-08-27,85.5,91.0,85.5,89.7,3236
2019-08-28,90.8,90.8,83.2,83.9,1153
2019-08-29,83.6,88.0,83.6,87.9,1502
2019-09-01,85.0,86.0,85.0,85.5,962
2019-09-02,85.7,90.0,85.7,87.4,745
2019-09-03,89.5,89.5,87.9,88.1,519
2019-09-04,88.9,88.9,88.9,88.9,2
2019-09-05,85.3,88.0,85.2,85.8,1310
2019-09-08,88.5,89.4,88.5,89.0,1925
2019-09-09,87.0,90.0,87.0,89.4,825
2019-09-11,88.0,88.3,84.5,87.9,808
2019-09-12,87.8,87.8,85.2,87.2,1107
2019-09-15,85.6,89.5,85.6,87.3,410
2019-09-16,86.5,88.5,85.1,85.1,1033
2019-09-17,85.3,86.9,85.0,85.4,2518
2019-09-18,82.7,82.9,82.5,82.8,433
2019-09-19,80.2,80.2,80.1,80.1,250
2019-09-22,76.7,84.3,76.7,78.9,695
2019-09-23,80.0,81.1,80.0,80.1,975
2019-09-24,80.2,84.9,80.2,83.3,3185
2019-09-25,83.6,86.5,82.1,82.5,930
2019-09-26,83.7,85.0,83.2,83.2,253
2019-09-29,85.0,85.0,82.5,82.7,2057
2019-09-30,89.8,89.8,81.1,82.7,1367
2019-10-01,90.0,90.0,82.4,82.5,341
2019-10-02,86.7,86.8,86.7,86.8,210
2019-10-03,87.9,91.8,85.5,90.6,3114
2019-10-06,93.6,94.9,91.6,94.2,1615
2019-10-07,97.0,97.0,90.0,91.0,2450
2019-10-10,84.9,93.2,84.1,87.7,1279
2019-10-14,89.8,89.9,80.6,83.3,1052
2019-10-15,89.8,89.8,84.1,84.7,296
2019-10-16,84.7,84.7,84.7,84.7,10
2019-10-20,80.3,85.0,80.2,81.3,1769
2019-10-21,80.0,80.1,78.0,79.0,375
2019-10-23,85.0,85.0,78.0,79.5,423
2019-10-24,78.6,80.2,78.6,80.1,46
2019-10-27,83.0,83.0,80.6,81.3,7
2019-10-28,82.0,82.0,77.2,78.1,248
2019-10-29,77.2,80.1,75.0,77.5,1414
2019-10-30,75.1,83.5,75.1,80.1,228
2019-10-31,88.1,88.1,78.2,80.7,1912
2019-11-03,80.7,81.5,75.1,81.1,1707
2019-11-04,80.0,80.0,76.5,77.6,370
2019-11-06,80.0,85.0,80.0,83.7,5655
2019-11-12,83.0,85.0,80.0,81.7,862
2019-11-13,85.0,85.0,80.0,80.2,1098
2019-11-17,80.2,83.5,80.2,81.8,3400
2019-11-19,81.0,81.3,81.0,81.2,408
2019-11-20,78.0,81.5,78.0,80.2,2027
2019-11-21,80.2,81.0,79.0,79.5,834
2019-11-24,79.9,81.5,79.9,80.7,41
2019-11-25,81.0,81.0,77.2,77.5,302
2019-11-26,80.9,80.9,80.0,80.4,89
2019-11-27,83.9,83.9,79.1,79.3,174
2019-11-28,80.1,80.1,76.0,76.6,857
2019-12-01,82.4,82.4,77.2,80.9,36
2019-12-03,76.1,76.6,76.0,76.1,293
2019-12-04,77.1,80.7,76.1,77.0,1235
2019-12-05,78.0,78.5,77.1,77.2,422
2019-12-08,77.2,77.2,73.0,73.1,3010
2019-12-09,73.1,79.0,73.1,74.1,102
2019-12-10,73.1,79.0,73.1,75.7,47
2019-12-11,76.3,76.3,76.2,76.2,200
2019-12-12,80.0,80.0,77.0,77.9,345
2019-12-15,77.5,79.9,77.5,78.7,680
2019-12-17,79.9,79.9,79.9,79.9,17
2019-12-18,75.4,75.4,75.3,75.3,50
2019-12-19,76.0,78.9,75.5,78.2,235
2019-12-22,78.0,82.5,78.0,78.4,1051
2019-12-23,81.0,84.2,80.0,81.4,4008
2019-12-24,82.0,82.0,81.5,81.6,240
2019-12-26,80.1,84.0,80.0,80.7,732
2019-12-29,80.5,80.5,80.5,80.5,200
2019-12-30,83.5,83.5,80.5,80.7,107
2020-01-01,81.0,83.5,80.5,81.2,781
2020-01-02,83.0,83.0,81.0,81.6,1101
2020-01-05,82.0,82.0,81.7,81.9,40
2020-01-06,84.9,87.0,78.6,78.9,529
2020-01-07,78.0,78.5,78.0,78.0,355
2020-01-08,76.7,76.7,73.6,74.7,867
2020-01-09,75.0,81.3,75.0,76.6,697
2020-01-12,76.6,76.7,76.6,76.7,864
2020-01-13,76.7,76.7,76.7,76.7,9
2020-01-14,77.2,80.5,70.0,72.8,1978
2020-01-15,79.7,79.7,74.5,77.2,183
2020-01-16,79.5,80.0,79.3,79.5,1311
2020-01-19,81.0,85.0,75.0,77.5,4355
2020-01-20,81.0,82.6,80.0,81.5,892
2020-01-21,78.1,83.0,78.1,81.6,637
2020-01-22,80.2,84.5,80.2,83.5,1104
2020-01-23,86.0,86.5,83.7,85.3,1470
2020-01-26,89.9,89.9,85.3,87.5,1163
2020-01-27,93.0,96.2,91.1,96.0,7895
2020-01-28,105.0,105.0,96.0,99.1,7703
2020-01-29,96.6,100.0,94.1,96.3,4844
2020-01-30,99.2,99.2,91.8,92.3,2999
2020-02-02,90.0,92.0,89.0,89.0,3475
2020-02-03,91.5,91.5,87.7,88.5,158
2020-02-04,90.0,91.8,89.0,91.2,1646
2020-02-05,91.5,91.9,90.0,91.6,403
2020-02-06,90.6,90.6,83.5,87.8,1118
2020-02-09,85.0,85.0,81.7,82.1,627
2020-02-10,90.0,90.0,81.4,82.5,1008
2020-02-11,83.1,84.0,83.1,83.3,130
2020-02-12,87.0,87.0,83.1,83.2,101
2020-02-13,88.0,88.0,88.0,88.0,1
2020-02-16,85.0,92.0,85.0,87.9,1584
2020-02-17,85.0,90.9,85.0,85.7,37
2020-02-18,86.0,86.0,84.1,84.4,909
2020-02-19,92.5,92.5,80.0,80.9,2009
2020-02-20,87.0,87.0,80.3,82.5,1210
2020-02-23,82.0,82.1,80.0,81.1,1515
2020-02-24,80.3,80.3,80.0,80.0,807
2020-02-25,80.2,80.5,80.2,80.3,305
2020-02-26,80.3,82.0,80.2,80.7,681
2020-02-27,84.7,84.7,80.6,80.9,359
2020-03-01,79.0,82.0,79.0,80.5,460
2020-03-02,82.0,87.8,80.0,82.0,402
2020-03-03,82.1,86.9,82.0,85.5,385
2020-03-04,83.5,87.0,83.5,84.2,10
2020-03-05,84.4,87.0,76.0,81.5,1045
2020-03-08,82.1,83.0,81.9,82.2,710
2020-03-09,81.9,83.0,74.5,78.7,1900
2020-03-10,83.0,83.0,82.9,82.9,110
2020-03-11,82.0,82.0,79.4,80.1,462
2020-03-12,81.0,81.0,78.5,79.1,609
2020-03-15,79.1,80.0,74.0,79.1,1766
2020-03-16,80.9,80.9,72.5,75.0,982
2020-03-18,75.2,75.2,67.5,68.6,2183
2020-03-19,79.0,79.0,79.0,79.0,21
2020-03-22,77.0,78.9,77.0,77.3,55
2020-03-23,79.9,79.9,76.4,77.0,76
2020-03-24,77.1,79.0,77.0,77.1,17
2020-03-25,76.4,76.4,76.4,76.4,122
2020-06-01,76.9,81.9,76.9,77.9,25
2020-06-02,77.9,77.9,77.9,77.9,5
2020-06-03,76.4,77.8,76.4,77.0,22
2020-06-04,77.0,77.0,77.0,77.0,543
2020-06-07,77.0,77.0,77.0,77.0,524
2020-06-08,77.0,77.0,77.0,77.0,26
2020-06-09,77.0,77.0,77.0,77.0,24
2020-06-10,76.4,76.4,76.4,76.4,5
2020-06-14,76.4,76.4,76.4,76.4,982
2020-06-15,76.4,76.4,76.4,76.4,505
2020-06-16,76.4,76.4,76.4,76.4,11
2020-06-17,76.4,76.4,76.4,76.4,32
2020-06-24,76.4,76.4,76.4,76.4,160
2020-06-25,76.4,76.4,76.4,76.4,10
2020-06-28,76.4,76.4,76.4,76.4,2480
2020-06-29,76.4,77.0,76.4,76.5,472
2020-06-30,76.5,77.5,76.5,76.6,1330
2020-07-02,76.6,76.6,76.4,76.4,597
2020-07-05,76.5,76.5,76.4,76.4,530
2020-07-06,80.6,80.6,76.4,76.7,733
2020-07-07,76.5,76.5,76.4,76.4,100
2020-07-08,76.5,76.5,76.4,76.4,315
2020-07-09,76.4,76.4,76.4,76.4,23
2020-07-13,76.4,76.4,76.4,76.4,4429
2020-07-14,76.7,76.7,76.5,76.5,496
2020-07-15,76.4,76.4,76.4,76.4,2427
2020-07-16,76.7,78.0,76.4,76.5,1139
2020-07-19,76.5,76.7,76.4,76.5,2052
2020-07-20,76.5,80.0,76.5,79.9,1699
2020-07-21,81.0,81.0,79.3,80.9,570
2020-07-22,77.8,78.1,77.6,77.9,2210
2020-07-23,81.5,81.5,77.0,78.0,3304
2020-07-26,78.0,80.0,78.0,78.8,27
2020-07-27,80.0,82.1,80.0,80.1,2222
2020-07-28,80.2,81.0,80.2,80.8,57
2020-07-29,87.0,87.0,87.0,87.0,128
2020-07-30,94.0,94.0,91.9,92.7,56
2020-08-03,98.0,98.0,91.0,92.4,1283
2020-08-04,92.4,94.9,92.0,92.6,567
2020-08-05,95.0,96.5,92.5,95.0,2168
2020-08-06,95.0,96.0,90.5,93.0,2157
2020-08-09,94.0,96.0,92.0,94.9,1183
2020-08-10,86.0,95.2,86.0,86.8,602
2020-08-12,95.0,95.4,87.1,94.9,3675
2020-08-13,100.9,100.9,91.0,93.5,2635
2020-08-16,102.4,102.8,102.4,102.8,5279
2020-08-17,113.0,113.0,103.2,111.0,11865
2020-08-18,115.0,115.0,100.0,103.8,6041
2020-08-19,95.0,110.0,95.0,102.9,0
2020-08-20,100.1,106.9,100.1,103.5,1247
2020-08-23,108.7,113.8,108.7,113.8,7177
2020-08-24,124.1,125.1,124.1,125.1,4909
2020-08-25,137.6,137.6,137.6,137.6,3942
2020-08-26,151.3,151.3,127.1,131.6,16519
2020-08-27,135.0,136.0,127.0,127.9,8093
2020-08-31,136.0,140.0,128.2,129.9,5864
2020-09-01,134.0,138.0,125.0,134.3,3320
2020-09-02,134.9,140.0,126.2,130.2,6425
2020-09-03,131.7,134.5,127.2,134.2,3672
2020-09-06,130.0,133.9,128.0,130.0,7924
2020-09-07,128.6,136.9,128.5,134.3,7189
2020-09-08,131.6,131.6,120.9,120.9,36790
2020-09-09,120.3,120.3,108.9,110.0,21461
2020-09-10,121.0,121.0,120.0,121.0,3433
2020-09-13,133.1,133.1,126.0,132.4,19354
2020-09-14,139.4,140.0,125.0,138.3,20720
2020-09-15,124.5,140.0,124.5,135.8,35991
2020-09-16,139.9,149.0,139.9,146.9,39134
2020-09-17,148.1,148.5,133.0,141.5,13641
2020-09-20,133.0,141.9,133.0,140.4,3253
2020-09-21,137.0,142.8,137.0,138.5,4630
2020-09-22,136.3,152.0,136.3,148.5,12648
2020-09-23,154.5,154.5,142.0,143.1,10551
2020-09-24,140.4,149.9,140.4,144.2,6402
2020-09-27,150.9,150.9,140.2,144.4,7315
2020-09-28,149.9,149.9,140.6,142.4,5122
2020-09-29,141.8,144.8,141.8,143.4,3252
2020-09-30,143.0,143.0,136.5,138.9,9250
2020-10-01,131.2,141.8,131.1,134.5,2716
2020-10-04,142.0,142.0,132.2,137.6,934
2020-10-05,133.0,141.8,126.0,130.6,2921
2020-10-06,131.0,137.9,120.1,135.7,1530
2020-10-07,140.0,140.0,130.5,136.2,1816
2020-10-08,138.7,138.7,133.0,136.1,3445
2020-10-11,135.5,136.5,130.0,131.3,3355
2020-10-12,119.3,140.0,119.3,131.6,3648
2020-10-13,133.0,140.0,132.2,138.9,5590
2020-10-14,145.0,152.6,142.0,142.8,11864
2020-10-15,147.0,148.0,140.0,145.8,8161
2020-10-18,152.2,152.2,144.0,147.5,3238
2020-10-19,148.0,162.2,147.0,162.0,25914
2020-10-20,174.9,178.0,167.0,170.8,13224
2020-10-21,175.0,180.0,164.0,165.2,5611
2020-10-22,155.0,160.0,149.0,151.0,7101
2020-10-25,140.4,144.0,138.0,139.3,14157
2020-10-27,140.0,143.8,137.0,137.4,4458
2020-10-28,139.9,139.9,130.1,132.3,4821
2020-10-29,124.1,140.0,124.1,135.7,14558
2020-11-01,144.9,145.0,136.0,142.0,2047
2020-11-02,142.0,156.2,140.0,156.1,11564
2020-11-03,162.0,162.0,146.1,148.0,6797
2020-11-04,150.0,150.0,142.2,142.7,2168
2020-11-05,154.9,156.8,145.2,152.3,2729
2020-11-08,155.0,155.0,145.0,145.7,3342
2020-11-09,145.7,149.0,145.0,145.4,2159
2020-11-10,145.4,145.5,141.1,144.1,1381
2020-11-11,143.5,143.5,130.0,133.0,2253
2020-11-12,135.0,142.4,135.0,139.0,1215
2020-11-15,148.5,148.7,130.0,137.3,892
2020-11-16,145.5,145.5,134.0,136.1,635
2020-11-17,144.8,144.9,130.0,131.7,2194
2020-11-18,132.0,140.0,130.5,135.6,622
2020-11-22,146.8,146.8,141.6,144.6,833
2020-11-23,138.3,146.5,138.3,140.1,548
2020-11-24,144.7,144.7,138.1,142.0,880
2020-11-25,147.9,147.9,139.0,140.5,1192
2020-11-26,147.4,147.4,139.0,140.2,442
2020-11-29,143.9,144.0,143.9,144.0,685
2020-11-30,130.1,135.0,129.6,130.1,6426
2020-12-01,142.0,142.0,128.0,131.3,276
2020-12-02,132.5,140.0,131.3,132.6,2588
2020-12-03,130.0,138.0,130.0,133.8,453
2020-12-06,140.0,140.0,130.8,131.9,2283
2020-12-07,136.8,136.8,129.1,130.5,1386
2020-12-08,143.0,143.0,125.0,129.9,2541
2020-12-09,130.5,135.3,129.0,129.0,2061
2020-12-10,129.0,129.5,129.0,129.0,1875
2020-12-13,139.9,139.9,127.5,127.9,1880
2020-12-14,128.0,130.9,121.7,124.1,1807
2020-12-15,131.4,132.0,124.0,124.8,4455
2020-12-17,125.0,129.0,122.0,122.5,2727
2020-12-20,124.0,128.3,124.0,124.9,3098
2020-12-21,125.0,133.8,124.9,126.1,3767
2020-12-22,127.0,129.5,124.1,125.1,2922
2020-12-23,125.5,125.5,122.0,122.4,7179
2020-12-24,128.8,128.8,118.0,121.4,12436
2020-12-27,125.0,133.3,120.0,133.1,8858
2020-12-28,141.0,141.0,135.0,137.1,8558
2020-12-29,144.0,144.0,131.0,133.2,1899
2020-12-30,135.0,138.0,132.0,133.1,6956
2021-01-03,133.1,137.9,129.0,131.0,5734
2021-01-04,132.0,132.0,125.1,129.0,4668
2021-01-05,124.3,129.0,123.0,123.0,5744
2021-01-06,122.0,126.0,115.0,120.7,7367
2021-01-07,122.8,127.8,121.9,122.0,4232
2021-01-10,131.4,131.4,119.5,120.3,3902
2021-01-11,126.0,126.0,122.1,126.0,1247
2021-01-12,122.0,124.0,120.1,120.8,4945
2021-01-13,120.1,120.5,119.0,119.6,2890
2021-01-14,119.5,119.5,110.0,116.1,5457
2021-01-17,116.0,116.0,104.5,104.5,4820
2021-01-18,110.0,110.0,96.0,103.8,3400
2021-01-19,105.0,108.0,105.0,107.5,2130
2021-01-20,105.0,105.0,102.0,102.8,1721
2021-01-21,96.0,108.6,96.0,101.6,440
2021-01-24,102.0,104.8,92.3,101.4,1032
2021-01-25,100.0,100.0,92.7,93.0,3216
2021-01-26,95.0,101.0,94.0,97.3,1296
2021-01-27,97.2,100.0,97.2,99.5,300
2021-01-28,100.5,103.0,94.0,101.0,1505
2021-01-31,99.0,99.0,94.1,94.5,960
2021-02-01,99.9,100.0,92.0,95.0,1923
2021-02-02,101.2,101.5,90.0,91.3,2126
2021-02-03,92.2,92.2,84.0,87.5,1631
2021-02-04,96.0,96.2,95.9,96.2,800
2021-02-07,92.5,92.5,91.2,91.8,900
2021-02-08,92.4,97.9,90.0,91.9,2105
2021-02-09,97.0,98.0,95.0,96.0,1150
2021-02-10,96.0,96.7,90.0,94.9,1630
2021-02-11,90.0,98.0,90.0,94.3,1456
2021-02-14,94.3,100.1,91.0,93.8,1057
2021-02-15,90.1,98.0,90.0,94.4,1787
2021-02-16,94.5,100.0,94.0,94.6,1005
2021-02-17,94.6,94.6,90.7,93.0,394
2021-02-18,94.0,100.3,94.0,96.5,1343
2021-02-22,97.0,98.8,90.0,90.5,122
2021-02-23,90.5,96.8,90.0,90.1,1601
2021-02-24,90.1,94.8,90.1,93.1,395
2021-02-25,93.1,94.8,93.1,94.1,574
2021-02-28,96.0,97.0,92.5,95.0,1406
2021-03-01,96.0,103.5,94.7,102.6,3149
2021-03-02,104.0,110.0,99.8,102.8,1527
2021-03-03,100.0,105.0,100.0,101.1,1165
2021-03-04,110.0,110.0,100.0,101.4,2304
2021-03-07,103.3,107.9,103.3,105.9,932
2021-03-08,107.6,107.6,99.0,101.1,1050
2021-03-09,103.5,103.5,101.1,101.3,553
2021-03-10,101.3,105.0,98.0,104.1,1357
2021-03-11,103.9,103.9,98.7,99.6,120
2021-03-14,107.8,107.8,101.2,104.7,540
2021-03-15,105.4,105.4,101.3,102.0,50
2021-03-16,106.5,106.5,102.2,105.0,2077
2021-03-18,103.5,105.0,103.5,103.9,375
2021-03-21,103.9,104.0,103.9,104.0,150
2021-03-22,100.0,104.0,96.0,100.2,529
2021-03-23,101.0,101.0,98.0,99.4,350
2021-03-24,100.0,103.0,97.0,100.0,609
2021-03-25,96.0,98.5,96.0,96.0,2321
2021-03-28,96.0,100.0,91.1,95.4,82
2021-03-29,101.9,101.9,96.4,99.1,178
2021-03-31,99.0,99.0,90.0,90.1,2409
2021-04-01,96.9,96.9,92.0,93.1,37
2021-04-04,93.1,93.1,85.1,87.6,16
2021-04-05,93.0,96.0,93.0,93.4,382
2021-04-06,99.9,99.9,98.9,99.0,211
2021-04-07,90.0,102.9,90.0,95.3,226
2021-04-08,95.3,95.3,91.0,93.5,874
2021-04-12,91.0,91.0,91.0,91.0,286
2021-04-13,98.0,98.0,97.8,98.0,111
2021-04-15,88.5,104.0,88.5,103.6,1017
2021-04-18,101.0,101.0,101.0,101.0,100
2021-04-19,98.0,101.5,98.0,98.4,269
2021-04-20,101.0,101.0,101.0,101.0,1
2021-04-21,93.0,100.0,92.0,92.7,127
2021-04-22,93.0,99.0,93.0,93.3,853
2021-04-25,95.0,98.9,95.0,95.2,334
2021-04-26,99.0,100.9,96.5,96.5,1000
2021-04-27,96.2,96.2,95.1,95.9,800
2021-04-28,93.6,98.0,93.5,96.2,251
2021-04-29,94.0,102.0,93.2,99.3,1942
2021-05-02,98.9,99.0,98.9,99.0,591
2021-05-03,95.0,98.9,95.0,95.7,350
2021-05-04,95.5,95.5,94.0,95.0,775
2021-05-05,95.0,95.0,91.6,94.1,669
2021-05-06,97.0,97.0,92.0,92.3,943
2021-05-09,91.0,98.0,90.0,92.7,1560
2021-05-11,97.0,97.0,96.0,96.7,136
2021-05-12,98.9,99.0,93.1,93.4,608
2021-05-16,98.0,98.0,93.0,93.4,1654
2021-05-17,97.6,97.7,94.0,97.0,2089
2021-05-18,98.9,99.4,96.0,97.3,6733
2021-05-19,100.9,100.9,98.1,98.3,2789
2021-05-20,98.3,99.9,98.0,98.3,878
2021-05-23,98.0,99.0,98.0,98.3,790
2021-05-24,99.0,99.0,95.0,95.6,3657
2021-05-25,95.6,104.0,95.6,98.0,2012
2021-05-27,97.2,98.0,97.2,97.5,1365
2021-05-30,95.3,100.0,95.3,95.3,1162
2021-05-31,95.3,99.8,95.0,95.3,690
2021-06-01,95.5,97.0,95.3,95.4,555
2021-06-02,92.0,98.9,92.0,93.0,1991
2021-06-03,94.1,97.0,92.0,92.4,1935
2021-06-06,92.4,97.0,92.4,94.4,1050
2021-06-07,94.4,94.4,93.0,93.5,534
2021-06-08,93.0,96.7,93.0,93.4,2199
2021-06-09,93.5,94.0,93.5,93.9,223
2021-06-10,93.1,99.0,93.0,97.2,4731
2021-06-13,97.2,99.0,94.0,94.7,2625
2021-06-14,97.6,99.0,96.0,96.5,1638
2021-06-15,96.0,96.0,95.2,96.0,1050
2021-06-16,96.0,96.0,95.0,95.2,227
2021-06-17,95.2,97.8,91.8,93.9,3562
2021-06-20,97.9,97.9,90.0,95.1,1423
2021-06-21,93.2,97.8,93.2,97.3,135
2021-06-22,97.0,97.3,95.1,96.7,600
2021-06-23,97.9,99.0,95.1,96.7,4411
2021-06-24,99.0,99.0,95.0,98.2,493
2021-06-27,95.2,101.0,95.2,100.3,1938
2021-06-28,101.5,110.3,101.5,110.2,3841
2021-06-29,121.2,121.2,121.2,121.2,10811
2021-06-30,133.3,133.3,115.0,121.9,9291
2021-07-05,122.0,127.9,118.0,120.1,3395
2021-07-06,122.0,122.0,109.9,113.4,8357
2021-07-07,115.0,122.0,115.0,121.1,5616
2021-07-08,125.0,131.0,120.0,120.3,9038
2021-07-12,125.0,125.0,120.6,122.1,1939
2021-07-13,120.1,126.8,120.1,122.8,1596
2021-07-14,124.0,128.7,124.0,128.4,6513
2021-07-15,130.0,141.2,130.0,141.2,24288
2021-07-18,155.0,155.0,145.1,149.7,12624
2021-07-19,164.0,164.0,143.0,146.7,8830
2021-07-25,149.0,149.0,137.1,138.0,6693
2021-07-26,135.0,135.0,130.5,132.4,3997
2021-07-27,130.7,142.0,130.7,139.8,2372
2021-07-28,140.0,142.0,136.2,140.7,1162
2021-07-29,141.0,141.0,127.0,138.8,3077
2021-08-02,138.0,138.0,130.0,133.2,12363
2021-08-03,135.0,140.0,133.4,136.1,3848
2021-08-05,139.1,142.0,138.1,139.3,13226
2021-08-09,142.0,153.2,142.0,148.1,21532
2021-08-10,151.1,158.9,148.7,149.3,16251
2021-08-11,151.8,153.0,143.2,149.9,14385
2021-08-12,151.0,158.6,151.0,158.0,18061
2021-08-16,170.0,173.8,166.0,173.8,35768
2021-08-17,191.0,191.0,175.2,176.4,21206
2021-08-18,177.0,184.9,159.0,165.6,24711
2021-08-19,167.0,179.9,167.0,169.8,11516
2021-08-22,177.0,177.8,168.0,170.9,7869
2021-08-23,174.9,174.9,167.0,167.2,7599
2021-08-24,166.9,166.9,157.4,160.3,10946
2021-08-25,167.0,167.0,156.2,157.0,10923
2021-08-26,166.0,172.7,166.0,170.0,28428
2021-08-29,172.7,185.0,170.0,172.5,20085
2021-08-31,174.0,178.0,167.0,169.6,18514
2021-09-01,171.7,171.7,164.0,165.8,9147
2021-09-02,167.0,174.9,167.0,168.8,8481
2021-09-05,156.1,177.9,156.1,170.9,13944
2021-09-06,177.0,177.0,171.0,172.3,7881
2021-09-07,173.0,184.9,165.1,171.6,18022
2021-09-08,175.0,182.0,171.0,180.3,28894
2021-09-09,179.9,185.0,179.8,180.7,11379
2021-09-12,182.1,192.0,175.0,178.3,25998
2021-09-13,178.0,183.8,175.0,180.7,16140
2021-09-14,184.5,184.5,166.0,166.9,10115
2021-09-15,174.0,174.0,168.0,168.8,6146
2021-09-16,168.0,185.6,168.0,185.6,22063
2021-09-19,185.7,190.2,179.1,183.4,9793
2021-09-20,183.4,183.4,175.0,178.0,4540
2021-09-21,166.0,180.0,166.0,175.9,2383
2021-09-22,171.0,178.8,170.0,171.7,5019
2021-09-23,172.3,180.0,171.0,173.5,7968
2021-09-26,175.0,175.0,170.1,171.9,3473
2021-09-27,168.0,174.9,160.1,161.7,9250
2021-09-28,162.1,167.0,158.0,164.4,4176
2021-09-29,171.0,171.0,160.1,164.6,2037
2021-09-30,171.0,171.0,158.0,160.0,2863
2021-10-03,163.0,163.0,155.8,156.6,5303
2021-10-04,155.0,155.0,154.1,154.2,4115
2021-10-05,154.3,154.3,145.0,147.3,3533
2021-10-06,145.0,145.0,134.0,135.4,1681
2021-10-07,136.2,144.3,136.2,139.7,1239
2021-10-10,141.5,146.9,139.7,142.0,1614
2021-10-11,149.8,149.8,140.0,141.0,1371
2021-10-12,142.0,142.0,136.0,136.2,614
2021-10-13,145.0,145.0,136.1,140.1,1066
2021-10-14,147.3,147.3,134.0,136.7,1718
2021-10-17,137.0,143.0,137.0,137.1,4222
2021-10-18,134.0,135.0,132.0,133.0,1362
2021-10-19,132.0,132.0,122.0,124.9,3819
2021-10-21,131.9,131.9,121.1,128.8,2225
2021-10-24,128.8,131.9,123.0,126.3,602
2021-10-25,130.0,130.0,115.0,121.6,3520
2021-10-26,118.8,127.5,118.5,124.8,3027
2021-10-27,131.3,136.6,131.3,134.0,6771
2021-10-28,125.4,125.4,125.4,125.4,100
2021-10-31,126.0,130.0,126.0,126.6,507
2021-11-01,132.0,132.0,131.9,131.9,937
2021-11-02,131.8,131.8,130.0,130.9,394
2021-11-03,131.7,131.7,124.0,124.9,2332
2021-11-04,120.1,130.0,120.1,127.0,836
2021-11-07,128.0,128.0,125.0,125.0,106
2021-11-08,128.4,128.4,122.1,125.6,3130
2021-11-09,124.1,124.1,120.0,122.9,929
2021-11-10,123.5,128.0,123.5,125.3,2753
2021-11-11,126.0,126.0,125.0,125.1,65
2021-11-14,125.1,126.9,125.1,125.6,70
2021-11-15,123.0,123.1,120.0,122.1,628
2021-11-16,117.0,123.0,117.0,118.3,48
2021-11-18,116.0,118.0,110.1,110.6,1787
2021-11-21,100.0,112.0,100.0,105.1,8412
2021-11-22,101.6,101.6,101.5,101.6,59
2021-11-23,94.6,109.8,94.5,103.6,2359
2021-11-28,104.0,104.0,98.0,100.3,548
2021-11-30,101.0,102.0,101.0,101.4,500
2021-12-01,110.0,110.0,110.0,110.0,11
2021-12-02,110.0,110.0,110.0,110.0,468
2021-12-05,110.0,119.8,110.0,111.3,372
2021-12-06,121.9,121.9,113.5,113.9,555
2021-12-07,121.0,121.0,114.0,114.0,2345
2021-12-08,120.0,120.0,116.9,119.1,733
2021-12-09,119.1,122.8,117.0,117.5,501
2021-12-12,121.1,126.8,121.0,123.5,4385
2021-12-13,123.5,125.0,119.2,124.0,5725
2021-12-14,123.9,123.9,116.1,116.7,946
2021-12-15,118.6,128.3,118.6,128.3,13014
2021-12-19,128.3,130.0,121.1,126.9,302
2021-12-20,127.1,127.1,125.9,126.7,100
2021-12-21,114.6,126.0,114.5,124.4,1489
2021-12-22,125.2,125.2,124.9,125.1,125
2021-12-23,125.1,125.1,121.6,122.2,384
2021-12-26,121.6,122.5,116.5,121.9,624
2021-12-27,121.9,121.9,118.5,121.8,1669
2021-12-28,115.7,121.5,115.6,117.9,586
2021-12-29,117.7,118.0,117.7,117.9,391
2021-12-30,118.6,124.0,118.5,121.6,1334
2022-01-02,121.1,121.1,121.1,121.1,5
2022-01-03,118.1,122.7,118.0,119.5,185
2022-01-04,120.9,122.5,118.5,122.3,1155
2022-01-05,121.0,121.0,120.0,120.2,368
2022-01-06,120.2,122.0,117.1,120.7,2343
2022-01-09,126.9,127.0,115.5,125.6,586
2022-01-11,123.0,125.0,120.5,123.1,294
2022-01-12,121.0,121.0,119.0,120.1,289
2022-01-13,118.0,122.0,118.0,120.5,900
2022-01-16,122.2,127.0,122.2,125.8,1934
2022-01-17,122.3,123.5,122.0,122.4,183
2022-01-18,124.7,124.7,122.0,122.1,229
2022-01-19,118.5,125.0,118.4,121.3,1513
2022-01-20,116.1,123.5,116.1,122.6,1281
2022-01-23,116.6,120.0,116.2,117.1,1556
2022-01-24,115.3,115.7,115.0,115.3,4392
2022-01-25,113.0,119.9,112.3,116.9,3431
2022-01-26,119.0,119.0,115.1,116.9,371
2022-01-27,117.5,119.0,111.0,112.0,5824
2022-01-30,112.3,113.6,112.2,113.3,743
2022-01-31,118.4,118.4,114.0,117.9,73
2022-02-01,111.1,116.9,111.1,115.8,421
2022-02-02,117.0,117.0,113.5,113.8,419
2022-02-03,114.0,114.2,114.0,114.0,436
2022-02-06,113.0,113.1,113.0,113.0,2040
2022-02-07,116.0,116.0,110.3,110.9,319
2022-02-08,112.0,113.0,112.0,112.1,183
2022-02-09,112.0,115.5,112.0,112.4,3181
2022-02-10,116.0,123.6,116.0,120.0,5412
2022-02-13,127.0,127.0,120.0,121.9,3449
2022-02-14,116.0,116.0,116.0,116.0,200
2022-02-15,112.3,120.0,112.3,115.1,2507
2022-02-16,119.0,119.0,115.0,115.6,3066
2022-02-17,115.6,115.6,115.6,115.6,301
2022-02-20,121.0,121.5,118.2,120.1,2430
2022-02-22,123.3,123.3,116.2,120.5,702
2022-02-23,120.7,122.4,120.7,121.4,1486
2022-02-24,124.0,124.0,116.6,118.5,2523
2022-02-27,110.6,116.0,110.5,112.8,3521
2022-02-28,120.8,120.8,115.6,118.2,90
2022-03-01,127.7,127.7,120.0,122.6,1451
2022-03-02,120.0,122.5,119.2,121.2,2206
2022-03-03,123.0,133.3,122.9,132.2,15865
2022-03-06,139.0,145.4,134.1,142.5,20222
2022-03-07,149.0,149.0,129.1,130.1,17019
2022-03-08,130.1,139.9,122.0,130.8,7485
2022-03-09,135.9,142.7,130.8,137.3,3810
2022-03-10,137.1,137.7,134.6,134.8,1721
2022-03-13,135.0,135.2,132.5,133.0,2739
2022-03-14,134.7,144.6,131.2,135.3,6076
2022-03-15,135.2,138.8,134.0,134.9,882
2022-03-16,135.0,135.0,132.5,133.0,1682
2022-03-20,133.1,135.0,130.4,130.5,2133
2022-03-21,130.4,134.9,127.9,131.7,3425
2022-03-22,131.8,137.7,131.8,132.1,3655
2022-03-23,137.0,137.0,131.0,131.9,3744
2022-03-24,131.0,131.0,129.3,129.3,3422
2022-03-27,129.3,130.8,127.6,128.0,3000
2022-03-28,128.0,130.8,127.5,128.1,838
2022-03-29,133.3,136.0,129.0,133.2,2521
2022-03-30,131.1,135.0,130.7,132.1,1537
2022-03-31,130.2,138.5,130.1,135.4,1342
2022-04-03,133.6,137.9,133.5,135.3,1506
2022-04-04,134.8,137.0,133.5,134.3,770
2022-04-05,132.8,134.0,132.8,133.1,240
2022-04-06,136.9,136.9,135.0,135.9,181
2022-04-07,141.9,141.9,133.6,136.8,970
2022-04-10,134.2,137.0,134.2,135.2,1937
2022-04-11,134.1,139.5,134.1,136.0,3215
2022-04-12,134.3,138.0,134.3,137.5,3124
2022-04-13,137.0,141.0,136.2,138.3,1372
2022-04-17,138.0,140.4,137.2,138.6,1772
2022-04-18,138.6,138.6,135.9,135.9,2447
2022-04-19,135.9,136.0,133.3,135.5,765
2022-04-20,133.0,133.2,133.0,133.1,501
2022-04-21,133.3,133.6,133.2,133.5,1721
2022-04-24,133.5,133.7,133.5,133.6,111
2022-04-25,133.9,133.9,131.0,132.0,676
2022-04-26,133.0,133.0,130.1,131.2,401
2022-04-27,132.0,136.5,131.7,131.8,651
2022-04-28,132.5,137.0,132.4,132.6,53
2022-05-05,137.4,138.5,136.8,137.6,1582
2022-05-08,137.7,138.6,134.0,134.5,2017
2022-05-09,134.9,135.0,131.0,132.2,3865
2022-05-10,137.3,137.3,137.3,137.3,200
2022-05-11,135.8,135.8,131.8,132.7,385
2022-05-12,130.2,130.6,130.2,130.4,288
2022-05-16,130.4,130.4,123.9,129.8,703
2022-05-17,124.0,124.1,123.4,123.5,2432
2022-05-18,123.5,134.5,123.0,126.9,985
2022-05-19,122.0,122.0,122.0,122.0,200
2022-05-22,130.0,130.0,117.1,124.7,1850
2022-05-23,129.9,129.9,125.0,125.3,517
2022-05-24,126.2,126.2,126.1,126.1,699
2022-05-25,123.0,123.0,122.1,122.2,230
2022-05-26,126.5,128.5,126.5,127.4,1220
2022-05-29,125.0,129.4,125.0,126.0,2864
2022-05-30,128.5,131.4,128.0,129.4,1470
2022-05-31,130.0,130.0,127.0,128.2,521
2022-06-01,132.0,137.0,132.0,134.3,1489
2022-06-02,131.7,137.0,131.7,134.6,988
2022-06-05,134.6,136.9,133.0,134.8,2459
2022-06-06,133.6,134.7,133.6,134.3,1455
2022-06-07,136.8,136.8,132.0,132.1,1535
2022-06-08,131.0,132.1,131.0,131.3,200
2022-06-09,133.0,133.0,132.6,132.8,855
2022-06-12,132.0,132.0,130.2,130.8,1431
2022-06-13,133.9,133.9,128.8,129.2,800
2022-06-14,127.2,127.2,127.0,127.0,11382
2022-06-15,124.5,134.0,124.5,125.9,2304
2022-06-16,132.0,135.0,131.2,133.6,1437
2022-06-19,134.0,134.0,131.0,131.0,3041
2022-06-20,137.0,137.0,129.0,131.3,2768
2022-06-21,131.5,135.0,131.5,131.9,519
2022-06-22,134.9,134.9,133.8,134.0,2569
2022-06-23,138.0,138.0,132.3,134.7,524
2022-06-26,135.0,138.0,134.1,137.2,4847
2022-06-27,137.4,149.7,137.2,144.5,13795
2022-06-28,141.7,154.4,141.7,148.0,3626
2022-06-29,153.8,153.8,145.1,146.6,6778
2022-06-30,153.4,153.4,143.7,143.7,6001
2022-07-03,152.0,152.0,142.0,143.9,2248
2022-07-04,149.0,158.2,144.1,152.1,11054
2022-07-05,159.7,159.7,152.1,153.8,5098
2022-07-06,159.6,159.6,150.8,153.4,2196
2022-07-07,153.0,153.4,150.4,150.4,6023
2022-07-12,156.0,156.0,152.0,152.2,1049
2022-07-13,150.0,155.0,150.0,152.0,1771
